client_index,writer_id,total_samples,n_classes,train_samples,test_samples,label_histogram
0,f0059_21,361,58,289,72,"{""0"": 13, ""1"": 12, ""2"": 12, ""3"": 13, ""4"": 13, ""5"": 13, ""6"": 11, ""7"": 12, ""8"": 12, ""9"": 12, ""10"": 6, ""11"": 5, ""12"": 8, ""13"": 4, ""14"": 17, ""15"": 10, ""16"": 1, ""17"": 4, ""18"": 1, ""19"": 2, ""21"": 4, ""22"": 7, ""23"": 16, ""24"": 22, ""25"": 7, ""26"": 1, ""27"": 14, ""28"": 17, ""29"": 25, ""30"": 10, ""31"": 3, ""32"": 3, ""33"": 1, ""34"": 3, ""35"": 1, ""36"": 1, ""37"": 1, ""38"": 1, ""39"": 1, ""40"": 2, ""41"": 1, ""42"": 1, ""44"": 1, ""45"": 1, ""46"": 1, ""47"": 23, ""48"": 1, ""49"": 1, ""50"": 1, ""51"": 1, ""52"": 1, ""53"": 1, ""54"": 1, ""55"": 1, ""58"": 1, ""59"": 1, ""60"": 1, ""61"": 1}"
1,f0078_48,368,59,294,74,"{""0"": 10, ""1"": 13, ""2"": 12, ""3"": 13, ""4"": 11, ""5"": 12, ""6"": 11, ""7"": 13, ""8"": 12, ""9"": 12, ""10"": 3, ""11"": 2, ""12"": 9, ""13"": 3, ""14"": 3, ""15"": 10, ""16"": 1, ""17"": 1, ""18"": 8, ""19"": 3, ""20"": 1, ""21"": 3, ""22"": 7, ""23"": 7, ""24"": 20, ""25"": 5, ""27"": 2, ""28"": 20, ""29"": 3, ""30"": 12, ""31"": 4, ""32"": 3, ""33"": 1, ""34"": 5, ""35"": 1, ""36"": 10, ""37"": 4, ""38"": 1, ""39"": 9, ""40"": 29, ""41"": 1, ""42"": 2, ""43"": 4, ""44"": 1, ""45"": 1, ""46"": 1, ""47"": 8, ""49"": 9, ""50"": 1, ""52"": 1, ""53"": 8, ""54"": 1, ""55"": 15, ""56"": 1, ""57"": 1, ""58"": 1, ""59"": 1, ""60"": 1, ""61"": 1}"
2,f0107_06,391,62,313,78,"{""0"": 13, ""1"": 9, ""2"": 12, ""3"": 13, ""4"": 13, ""5"": 12, ""6"": 11, ""7"": 11, ""8"": 13, ""9"": 12, ""10"": 2, ""11"": 2, ""12"": 7, ""13"": 2, ""14"": 1, ""15"": 9, ""16"": 1, ""17"": 1, ""18"": 7, ""19"": 2, ""20"": 1, ""21"": 2, ""22"": 8, ""23"": 2, ""24"": 25, ""25"": 5, ""26"": 1, ""27"": 1, ""28"": 20, ""29"": 4, ""30"": 10, ""31"": 3, ""32"": 3, ""33"": 1, ""34"": 5, ""35"": 1, ""36"": 10, ""37"": 4, ""38"": 1, ""39"": 10, ""40"": 18, ""41"": 1, ""42"": 2, ""43"": 10, ""44"": 1, ""45"": 1, ""46"": 1, ""47"": 13, ""48"": 1, ""49"": 15, ""50"": 1, ""51"": 1, ""52"": 2, ""53"": 20, ""54"": 1, ""55"": 27, ""56"": 1, ""57"": 1, ""58"": 1, ""59"": 1, ""60"": 1, ""61"": 1}"
3,f0108_12,414,60,331,83,"{""0"": 12, ""1"": 13, ""2"": 11, ""3"": 12, ""4"": 12, ""5"": 12, ""6"": 12, ""7"": 12, ""8"": 12, ""9"": 10, ""10"": 14, ""11"": 4, ""12"": 8, ""13"": 9, ""14"": 27, ""15"": 8, ""16"": 1, ""17"": 11, ""18"": 8, ""19"": 1, ""20"": 1, ""21"": 10, ""22"": 8, ""23"": 17, ""24"": 27, ""25"": 5, ""27"": 19, ""28"": 22, ""29"": 28, ""30"": 11, ""31"": 4, ""32"": 3, ""33"": 1, ""34"": 4, ""35"": 1, ""36"": 1, ""37"": 1, ""38"": 1, ""39"": 1, ""40"": 1, ""42"": 1, ""43"": 1, ""44"": 1, ""45"": 1, ""46"": 1, ""47"": 17, ""48"": 1, ""49"": 1, ""50"": 1, ""51"": 1, ""52"": 1, ""53"": 4, ""54"": 1, ""55"": 1, ""56"": 1, ""57"": 1, ""58"": 1, ""59"": 1, ""60"": 1, ""61"": 1}"
4,f0118_07,408,58,326,82,"{""0"": 11, ""1"": 12, ""2"": 13, ""3"": 13, ""4"": 11, ""5"": 12, ""6"": 13, ""7"": 13, ""8"": 13, ""9"": 11, ""10"": 2, ""11"": 2, ""12"": 8, ""14"": 2, ""15"": 6, ""16"": 1, ""17"": 1, ""18"": 14, ""19"": 1, ""20"": 1, ""21"": 2, ""22"": 8, ""23"": 3, ""24"": 23, ""25"": 7, ""26"": 1, ""28"": 21, ""29"": 4, ""30"": 10, ""31"": 3, ""32"": 3, ""33"": 1, ""34"": 1, ""35"": 1, ""36"": 14, ""37"": 4, ""38"": 1, ""39"": 10, ""40"": 36, ""41"": 1, ""42"": 1, ""43"": 6, ""44"": 1, ""46"": 1, ""47"": 14, ""49"": 16, ""50"": 1, ""51"": 1, ""52"": 4, ""53"": 19, ""54"": 1, ""55"": 23, ""56"": 1, ""57"": 1, ""58"": 1, ""59"": 1, ""60"": 1, ""61"": 1}"
5,f0122_45,301,53,241,60,"{""0"": 11, ""1"": 9, ""2"": 8, ""3"": 11, ""4"": 9, ""5"": 10, ""6"": 11, ""7"": 8, ""8"": 9, ""9"": 7, ""10"": 2, ""11"": 1, ""12"": 7, ""14"": 1, ""15"": 6, ""17"": 1, ""18"": 10, ""19"": 2, ""20"": 1, ""21"": 1, ""22"": 4, ""23"": 1, ""24"": 14, ""25"": 9, ""27"": 1, ""28"": 20, ""29"": 2, ""30"": 3, ""31"": 6, ""32"": 4, ""33"": 1, ""34"": 2, ""35"": 1, ""36"": 2, ""37"": 2, ""39"": 6, ""40"": 19, ""41"": 2, ""42"": 4, ""43"": 2, ""44"": 3, ""46"": 1, ""47"": 25, ""48"": 1, ""49"": 7, ""52"": 2, ""53"": 13, ""54"": 1, ""55"": 14, ""58"": 1, ""59"": 1, ""60"": 1, ""61"": 1}"
6,f0128_00,332,51,266,66,"{""0"": 11, ""1"": 12, ""2"": 8, ""3"": 11, ""4"": 8, ""5"": 7, ""6"": 7, ""7"": 12, ""8"": 7, ""9"": 11, ""10"": 7, ""11"": 2, ""12"": 8, ""13"": 5, ""14"": 27, ""15"": 8, ""17"": 4, ""18"": 5, ""19"": 3, ""20"": 1, ""21"": 9, ""22"": 6, ""23"": 17, ""24"": 22, ""25"": 10, ""26"": 1, ""27"": 18, ""28"": 16, ""29"": 15, ""30"": 8, ""31"": 3, ""32"": 3, ""33"": 1, ""34"": 2, ""36"": 1, ""37"": 1, ""40"": 1, ""41"": 1, ""44"": 2, ""45"": 1, ""46"": 1, ""47"": 18, ""48"": 1, ""50"": 1, ""53"": 1, ""54"": 1, ""55"": 3, ""57"": 1, ""58"": 1, ""59"": 1, ""61"": 1}"
7,f0201_34,342,59,274,68,"{""0"": 12, ""1"": 12, ""2"": 11, ""3"": 10, ""4"": 10, ""5"": 7, ""6"": 10, ""7"": 11, ""8"": 11, ""9"": 8, ""10"": 2, ""11"": 2, ""12"": 4, ""13"": 2, ""14"": 1, ""15"": 9, ""16"": 1, ""17"": 1, ""18"": 4, ""19"": 2, ""20"": 1, ""21"": 2, ""22"": 10, ""23"": 3, ""24"": 21, ""25"": 6, ""26"": 1, ""27"": 1, ""28"": 18, ""29"": 5, ""30"": 7, ""31"": 3, ""32"": 3, ""33"": 1, ""34"": 12, ""35"": 1, ""36"": 10, ""37"": 5, ""38"": 1, ""39"": 7, ""40"": 21, ""41"": 2, ""42"": 3, ""43"": 4, ""45"": 1, ""46"": 2, ""47"": 18, ""48"": 2, ""49"": 8, ""50"": 1, ""51"": 1, ""52"": 1, ""53"": 11, ""54"": 1, ""55"": 12, ""57"": 1, ""58"": 2, ""59"": 2, ""61"": 1}"
8,f0227_27,367,58,294,73,"{""0"": 13, ""1"": 13, ""2"": 11, ""3"": 11, ""4"": 9, ""5"": 11, ""6"": 12, ""7"": 11, ""8"": 11, ""9"": 9, ""10"": 1, ""11"": 2, ""12"": 9, ""13"": 1, ""14"": 1, ""15"": 9, ""16"": 1, ""17"": 1, ""18"": 15, ""19"": 2, ""20"": 1, ""21"": 2, ""22"": 7, ""23"": 3, ""24"": 25, ""25"": 4, ""26"": 1, ""27"": 1, ""28"": 18, ""29"": 3, ""30"": 10, ""31"": 3, ""32"": 2, ""34"": 1, ""35"": 1, ""36"": 12, ""37"": 4, ""39"": 9, ""40"": 21, ""42"": 2, ""43"": 5, ""44"": 1, ""45"": 1, ""46"": 1, ""47"": 10, ""48"": 1, ""49"": 16, ""50"": 1, ""51"": 1, ""52"": 2, ""53"": 21, ""54"": 1, ""55"": 18, ""56"": 1, ""58"": 1, ""59"": 1, ""60"": 1, ""61"": 1}"
9,f0274_49,353,56,282,71,"{""0"": 11, ""1"": 13, ""2"": 12, ""3"": 13, ""4"": 13, ""5"": 11, ""6"": 12, ""7"": 10, ""8"": 10, ""9"": 11, ""10"": 3, ""11"": 1, ""12"": 7, ""13"": 2, ""14"": 1, ""15"": 7, ""16"": 1, ""17"": 1, ""18"": 16, ""19"": 1, ""20"": 1, ""21"": 5, ""22"": 7, ""24"": 22, ""25"": 7, ""26"": 1, ""27"": 4, ""28"": 15, ""29"": 3, ""30"": 10, ""31"": 4, ""32"": 3, ""33"": 1, ""34"": 4, ""35"": 1, ""36"": 5, ""37"": 3, ""38"": 1, ""39"": 8, ""40"": 12, ""41"": 1, ""42"": 1, ""43"": 7, ""44"": 1, ""46"": 1, ""47"": 17, ""49"": 16, ""50"": 1, ""53"": 9, ""54"": 1, ""55"": 20, ""57"": 1, ""58"": 1, ""59"": 1, ""60"": 1, ""61"": 1}"
10,f0312_43,416,60,333,83,"{""0"": 11, ""1"": 13, ""2"": 13, ""3"": 13, ""4"": 13, ""5"": 11, ""6"": 13, ""7"": 13, ""8"": 12, ""9"": 12, ""10"": 5, ""11"": 2, ""12"": 6, ""13"": 2, ""15"": 5, ""16"": 1, ""17"": 1, ""18"": 13, ""19"": 2, ""20"": 1, ""21"": 1, ""22"": 8, ""23"": 4, ""24"": 20, ""25"": 6, ""26"": 1, ""27"": 12, ""28"": 22, ""29"": 3, ""30"": 11, ""31"": 2, ""32"": 3, ""34"": 5, ""35"": 1, ""36"": 10, ""37"": 4, ""38"": 1, ""39"": 11, ""40"": 35, ""41"": 1, ""42"": 3, ""43"": 8, ""44"": 1, ""45"": 1, ""46"": 1, ""47"": 23, ""48"": 1, ""49"": 15, ""50"": 1, ""51"": 1, ""52"": 2, ""53"": 8, ""54"": 1, ""55"": 21, ""56"": 1, ""57"": 1, ""58"": 1, ""59"": 1, ""60"": 1, ""61"": 1}"
11,f0339_11,331,56,265,66,"{""0"": 10, ""1"": 11, ""2"": 12, ""3"": 12, ""4"": 7, ""5"": 8, ""6"": 5, ""7"": 8, ""8"": 13, ""9"": 11, ""10"": 1, ""11"": 2, ""12"": 4, ""13"": 4, ""14"": 1, ""15"": 7, ""16"": 1, ""17"": 1, ""18"": 11, ""19"": 2, ""20"": 1, ""21"": 1, ""22"": 8, ""23"": 3, ""24"": 16, ""25"": 7, ""26"": 1, ""27"": 1, ""28"": 21, ""29"": 3, ""30"": 10, ""31"": 3, ""32"": 3, ""33"": 1, ""34"": 2, ""35"": 1, ""36"": 7, ""37"": 2, ""39"": 10, ""40"": 28, ""42"": 1, ""43"": 6, ""44"": 1, ""46"": 1, ""47"": 14, ""48"": 1, ""49"": 10, ""50"": 1, ""52"": 4, ""53"": 11, ""54"": 1, ""55"": 16, ""57"": 1, ""58"": 1, ""59"": 1, ""60"": 1}"
12,f0378_12,215,51,172,43,"{""0"": 10, ""1"": 13, ""2"": 11, ""3"": 13, ""4"": 7, ""5"": 10, ""6"": 12, ""7"": 9, ""8"": 7, ""9"": 8, ""10"": 4, ""12"": 6, ""14"": 1, ""15"": 8, ""16"": 1, ""17"": 3, ""18"": 9, ""19"": 5, ""20"": 1, ""21"": 6, ""23"": 2, ""24"": 10, ""25"": 1, ""26"": 1, ""27"": 1, ""28"": 5, ""29"": 2, ""30"": 3, ""31"": 3, ""32"": 1, ""33"": 1, ""34"": 3, ""35"": 1, ""36"": 1, ""37"": 1, ""39"": 3, ""40"": 5, ""41"": 1, ""42"": 1, ""44"": 1, ""46"": 1, ""47"": 10, ""50"": 1, ""53"": 1, ""54"": 1, ""55"": 5, ""57"": 1, ""58"": 1, ""59"": 1, ""60"": 1, ""61"": 1}"
13,f0411_01,252,57,202,50,"{""0"": 7, ""1"": 10, ""2"": 7, ""3"": 9, ""4"": 9, ""5"": 4, ""6"": 6, ""7"": 9, ""8"": 7, ""9"": 5, ""10"": 11, ""11"": 4, ""12"": 5, ""13"": 6, ""14"": 18, ""15"": 5, ""16"": 1, ""17"": 7, ""18"": 11, ""19"": 2, ""20"": 1, ""21"": 5, ""22"": 3, ""23"": 12, ""24"": 11, ""25"": 1, ""26"": 1, ""27"": 5, ""28"": 5, ""29"": 6, ""30"": 8, ""31"": 4, ""32"": 3, ""33"": 1, ""34"": 2, ""35"": 1, ""36"": 1, ""37"": 1, ""38"": 1, ""39"": 1, ""40"": 1, ""42"": 1, ""43"": 1, ""44"": 1, ""45"": 1, ""46"": 1, ""47"": 16, ""49"": 2, ""50"": 1, ""51"": 1, ""53"": 2, ""54"": 1, ""55"": 3, ""58"": 1, ""59"": 1, ""60"": 1, ""61"": 1}"
14,f0443_21,417,59,334,83,"{""0"": 13, ""1"": 12, ""2"": 12, ""3"": 13, ""4"": 12, ""5"": 12, ""6"": 11, ""7"": 11, ""8"": 12, ""9"": 12, ""10"": 1, ""11"": 2, ""12"": 8, ""13"": 1, ""14"": 1, ""15"": 8, ""16"": 1, ""17"": 1, ""18"": 7, ""19"": 5, ""20"": 1, ""21"": 2, ""22"": 8, ""23"": 3, ""24"": 26, ""25"": 7, ""26"": 1, ""27"": 1, ""28"": 21, ""29"": 4, ""30"": 11, ""31"": 3, ""32"": 3, ""33"": 1, ""34"": 4, ""35"": 1, ""36"": 12, ""37"": 3, ""38"": 1, ""39"": 11, ""40"": 39, ""41"": 1, ""42"": 3, ""43"": 9, ""44"": 1, ""46"": 1, ""47"": 11, ""48"": 1, ""49"": 16, ""50"": 1, ""51"": 1, ""52"": 2, ""53"": 21, ""54"": 1, ""55"": 26, ""56"": 1, ""57"": 1, ""58"": 1, ""59"": 1}"
15,f0446_03,395,60,316,79,"{""0"": 13, ""1"": 13, ""2"": 12, ""3"": 12, ""4"": 13, ""5"": 12, ""6"": 13, ""7"": 13, ""8"": 12, ""9"": 13, ""10"": 2, ""11"": 2, ""12"": 20, ""13"": 2, ""14"": 1, ""15"": 9, ""16"": 1, ""17"": 1, ""18"": 9, ""19"": 2, ""20"": 1, ""21"": 2, ""22"": 3, ""23"": 3, ""24"": 25, ""25"": 7, ""26"": 1, ""27"": 1, ""28"": 17, ""29"": 5, ""30"": 13, ""31"": 1, ""32"": 2, ""33"": 1, ""34"": 4, ""35"": 1, ""36"": 14, ""37"": 3, ""38"": 1, ""39"": 11, ""40"": 20, ""41"": 1, ""42"": 3, ""43"": 7, ""44"": 2, ""45"": 1, ""46"": 1, ""47"": 6, ""48"": 1, ""49"": 17, ""50"": 1, ""51"": 1, ""52"": 2, ""53"": 11, ""54"": 1, ""55"": 25, ""56"": 1, ""58"": 1, ""59"": 1, ""61"": 1}"
16,f0451_44,419,62,335,84,"{""0"": 11, ""1"": 11, ""2"": 12, ""3"": 12, ""4"": 12, ""5"": 10, ""6"": 11, ""7"": 12, ""8"": 11, ""9"": 11, ""10"": 2, ""11"": 2, ""12"": 8, ""13"": 2, ""14"": 1, ""15"": 10, ""16"": 1, ""17"": 1, ""18"": 13, ""19"": 2, ""20"": 1, ""21"": 2, ""22"": 8, ""23"": 3, ""24"": 26, ""25"": 7, ""26"": 1, ""27"": 1, ""28"": 22, ""29"": 5, ""30"": 11, ""31"": 3, ""32"": 3, ""33"": 1, ""34"": 4, ""35"": 1, ""36"": 14, ""37"": 4, ""38"": 1, ""39"": 11, ""40"": 39, ""41"": 1, ""42"": 3, ""43"": 10, ""44"": 1, ""45"": 1, ""46"": 1, ""47"": 9, ""48"": 1, ""49"": 14, ""50"": 1, ""51"": 1, ""52"": 2, ""53"": 18, ""54"": 1, ""55"": 26, ""56"": 1, ""57"": 1, ""58"": 1, ""59"": 1, ""60"": 1, ""61"": 1}"
17,f0516_45,299,58,239,60,"{""0"": 12, ""1"": 13, ""2"": 13, ""3"": 13, ""4"": 13, ""5"": 13, ""6"": 13, ""7"": 13, ""8"": 12, ""9"": 12, ""11"": 1, ""12"": 5, ""13"": 2, ""14"": 1, ""15"": 4, ""16"": 1, ""17"": 1, ""18"": 10, ""19"": 2, ""20"": 1, ""21"": 1, ""22"": 5, ""23"": 3, ""24"": 15, ""25"": 4, ""26"": 1, ""27"": 1, ""28"": 16, ""29"": 2, ""30"": 4, ""31"": 2, ""32"": 3, ""33"": 1, ""34"": 1, ""35"": 1, ""36"": 6, ""37"": 3, ""38"": 1, ""39"": 10, ""40"": 20, ""41"": 1, ""42"": 2, ""43"": 6, ""44"": 1, ""45"": 1, ""46"": 1, ""47"": 10, ""49"": 4, ""50"": 1, ""52"": 2, ""53"": 7, ""54"": 1, ""55"": 2, ""57"": 1, ""58"": 1, ""59"": 1, ""60"": 1, ""61"": 1}"
18,f0530_15,408,59,326,82,"{""0"": 13, ""1"": 12, ""2"": 13, ""3"": 13, ""4"": 10, ""5"": 12, ""6"": 13, ""7"": 13, ""8"": 13, ""9"": 13, ""10"": 1, ""11"": 2, ""12"": 8, ""13"": 3, ""14"": 1, ""15"": 8, ""16"": 1, ""18"": 17, ""19"": 2, ""20"": 1, ""21"": 2, ""22"": 8, ""23"": 1, ""24"": 20, ""25"": 7, ""26"": 1, ""28"": 21, ""29"": 3, ""30"": 12, ""31"": 2, ""32"": 3, ""33"": 1, ""34"": 2, ""35"": 1, ""36"": 11, ""37"": 4, ""38"": 1, ""39"": 11, ""40"": 38, ""41"": 1, ""42"": 3, ""43"": 7, ""44"": 1, ""45"": 1, ""46"": 1, ""47"": 17, ""48"": 1, ""49"": 14, ""50"": 1, ""51"": 1, ""52"": 2, ""53"": 17, ""54"": 1, ""55"": 17, ""56"": 1, ""57"": 1, ""58"": 1, ""60"": 1, ""61"": 1}"
19,f0550_24,369,62,295,74,"{""0"": 11, ""1"": 13, ""2"": 13, ""3"": 13, ""4"": 12, ""5"": 12, ""6"": 10, ""7"": 12, ""8"": 13, ""9"": 11, ""10"": 3, ""11"": 2, ""12"": 5, ""13"": 2, ""14"": 1, ""15"": 9, ""16"": 1, ""17"": 1, ""18"": 6, ""19"": 2, ""20"": 1, ""21"": 2, ""22"": 7, ""23"": 3, ""24"": 24, ""25"": 7, ""26"": 1, ""27"": 2, ""28"": 16, ""29"": 4, ""30"": 10, ""31"": 3, ""32"": 3, ""33"": 1, ""34"": 4, ""35"": 1, ""36"": 9, ""37"": 4, ""38"": 1, ""39"": 11, ""40"": 26, ""41"": 1, ""42"": 3, ""43"": 8, ""44"": 1, ""45"": 1, ""46"": 1, ""47"": 4, ""48"": 1, ""49"": 14, ""50"": 1, ""51"": 1, ""52"": 2, ""53"": 14, ""54"": 1, ""55"": 18, ""56"": 1, ""57"": 1, ""58"": 1, ""59"": 1, ""60"": 1, ""61"": 1}"
20,f0596_26,395,59,316,79,"{""0"": 12, ""1"": 12, ""2"": 13, ""3"": 13, ""4"": 13, ""5"": 13, ""6"": 12, ""7"": 13, ""8"": 12, ""9"": 11, ""10"": 2, ""11"": 2, ""12"": 9, ""14"": 1, ""15"": 7, ""16"": 1, ""17"": 1, ""18"": 13, ""19"": 2, ""20"": 1, ""21"": 2, ""22"": 7, ""23"": 1, ""24"": 23, ""25"": 6, ""26"": 1, ""27"": 1, ""28"": 22, ""29"": 5, ""30"": 11, ""31"": 2, ""32"": 3, ""33"": 1, ""34"": 3, ""35"": 1, ""36"": 14, ""37"": 4, ""38"": 1, ""39"": 12, ""40"": 37, ""41"": 1, ""42"": 3, ""43"": 10, ""44"": 1, ""45"": 1, ""46"": 1, ""47"": 9, ""48"": 1, ""49"": 12, ""50"": 1, ""51"": 1, ""52"": 1, ""54"": 1, ""55"": 27, ""56"": 1, ""57"": 1, ""58"": 1, ""59"": 1, ""61"": 1}"
21,f0645_45,294,55,235,59,"{""0"": 11, ""1"": 12, ""2"": 8, ""3"": 7, ""4"": 11, ""5"": 5, ""6"": 4, ""7"": 13, ""8"": 4, ""9"": 9, ""10"": 12, ""11"": 2, ""12"": 3, ""13"": 2, ""14"": 1, ""15"": 9, ""16"": 1, ""18"": 11, ""19"": 1, ""20"": 1, ""21"": 2, ""22"": 8, ""23"": 3, ""24"": 24, ""25"": 7, ""26"": 1, ""27"": 7, ""28"": 9, ""29"": 6, ""30"": 9, ""31"": 3, ""32"": 3, ""33"": 1, ""34"": 3, ""35"": 1, ""37"": 4, ""39"": 5, ""40"": 22, ""41"": 1, ""42"": 1, ""43"": 4, ""44"": 2, ""45"": 1, ""46"": 1, ""47"": 6, ""48"": 1, ""49"": 12, ""50"": 1, ""52"": 1, ""53"": 1, ""55"": 12, ""56"": 1, ""57"": 2, ""58"": 1, ""59"": 1}"
22,f0706_13,403,57,322,81,"{""0"": 11, ""1"": 12, ""2"": 9, ""3"": 11, ""4"": 10, ""5"": 10, ""6"": 11, ""7"": 13, ""8"": 10, ""9"": 12, ""10"": 12, ""11"": 2, ""12"": 7, ""13"": 10, ""15"": 9, ""16"": 1, ""17"": 1, ""18"": 8, ""19"": 2, ""20"": 1, ""21"": 1, ""22"": 8, ""23"": 16, ""24"": 25, ""25"": 7, ""26"": 1, ""27"": 16, ""28"": 21, ""29"": 5, ""30"": 10, ""31"": 2, ""32"": 2, ""33"": 1, ""34"": 4, ""35"": 1, ""36"": 3, ""37"": 4, ""38"": 1, ""39"": 3, ""40"": 40, ""41"": 1, ""43"": 10, ""45"": 1, ""47"": 16, ""48"": 1, ""49"": 2, ""50"": 1, ""51"": 1, ""52"": 1, ""53"": 5, ""54"": 1, ""55"": 25, ""56"": 1, ""57"": 1, ""58"": 1, ""59"": 1, ""61"": 1}"
23,f0717_46,391,59,313,78,"{""0"": 12, ""1"": 11, ""2"": 11, ""3"": 13, ""4"": 11, ""5"": 11, ""6"": 11, ""7"": 13, ""8"": 13, ""9"": 12, ""10"": 7, ""11"": 2, ""12"": 7, ""13"": 3, ""14"": 1, ""15"": 8, ""16"": 1, ""17"": 1, ""18"": 15, ""19"": 2, ""20"": 1, ""21"": 1, ""22"": 8, ""23"": 15, ""24"": 26, ""25"": 6, ""26"": 1, ""27"": 6, ""28"": 21, ""29"": 4, ""30"": 12, ""31"": 2, ""32"": 3, ""33"": 1, ""34"": 4, ""36"": 8, ""37"": 4, ""39"": 9, ""40"": 29, ""41"": 1, ""42"": 1, ""43"": 9, ""44"": 2, ""46"": 1, ""47"": 9, ""48"": 1, ""49"": 1, ""50"": 1, ""51"": 1, ""52"": 2, ""53"": 4, ""54"": 1, ""55"": 25, ""56"": 1, ""57"": 1, ""58"": 1, ""59"": 1, ""60"": 1, ""61"": 1}"
24,f0765_33,400,56,320,80,"{""0"": 13, ""1"": 14, ""2"": 13, ""3"": 13, ""4"": 13, ""5"": 13, ""6"": 13, ""7"": 11, ""8"": 11, ""9"": 12, ""10"": 2, ""11"": 2, ""12"": 9, ""13"": 2, ""14"": 1, ""15"": 9, ""16"": 1, ""18"": 16, ""19"": 2, ""21"": 2, ""22"": 6, ""23"": 3, ""24"": 20, ""25"": 7, ""28"": 21, ""29"": 7, ""30"": 11, ""31"": 2, ""32"": 2, ""33"": 1, ""34"": 3, ""35"": 1, ""36"": 9, ""37"": 3, ""38"": 1, ""39"": 11, ""40"": 29, ""42"": 1, ""43"": 9, ""44"": 1, ""45"": 1, ""46"": 1, ""47"": 11, ""48"": 1, ""49"": 16, ""50"": 1, ""51"": 1, ""52"": 1, ""53"": 18, ""54"": 1, ""55"": 23, ""56"": 1, ""57"": 1, ""58"": 1, ""59"": 1, ""60"": 1}"
25,f0772_14,387,60,310,77,"{""0"": 11, ""1"": 11, ""2"": 11, ""3"": 10, ""4"": 11, ""5"": 11, ""6"": 11, ""7"": 13, ""8"": 10, ""9"": 9, ""10"": 2, ""11"": 2, ""12"": 7, ""13"": 3, ""15"": 7, ""16"": 1, ""17"": 1, ""18"": 14, ""19"": 2, ""20"": 1, ""21"": 4, ""22"": 8, ""23"": 3, ""24"": 23, ""25"": 7, ""26"": 1, ""27"": 1, ""28"": 17, ""29"": 5, ""30"": 13, ""31"": 2, ""32"": 3, ""34"": 4, ""35"": 1, ""36"": 12, ""37"": 4, ""38"": 1, ""39"": 11, ""40"": 32, ""41"": 1, ""42"": 3, ""43"": 9, ""44"": 1, ""45"": 1, ""46"": 1, ""47"": 10, ""48"": 1, ""49"": 12, ""50"": 1, ""51"": 1, ""52"": 2, ""53"": 15, ""54"": 1, ""55"": 22, ""56"": 1, ""57"": 1, ""58"": 1, ""59"": 1, ""60"": 1, ""61"": 1}"
26,f0800_00,277,53,222,55,"{""0"": 11, ""1"": 13, ""2"": 8, ""3"": 7, ""4"": 12, ""5"": 8, ""6"": 10, ""7"": 12, ""8"": 13, ""9"": 10, ""11"": 2, ""12"": 2, ""13"": 1, ""15"": 2, ""16"": 1, ""17"": 1, ""18"": 6, ""21"": 1, ""22"": 6, ""23"": 2, ""24"": 12, ""25"": 3, ""26"": 1, ""27"": 1, ""28"": 15, ""29"": 5, ""30"": 10, ""31"": 1, ""32"": 2, ""33"": 1, ""34"": 1, ""36"": 9, ""37"": 3, ""38"": 1, ""39"": 9, ""40"": 20, ""42"": 1, ""43"": 1, ""44"": 1, ""45"": 1, ""47"": 16, ""48"": 1, ""49"": 14, ""50"": 1, ""52"": 2, ""53"": 9, ""54"": 1, ""55"": 2, ""57"": 1, ""58"": 1, ""59"": 1, ""60"": 1, ""61"": 1}"
27,f0831_15,383,62,306,77,"{""0"": 12, ""1"": 13, ""2"": 12, ""3"": 11, ""4"": 12, ""5"": 11, ""6"": 12, ""7"": 13, ""8"": 13, ""9"": 12, ""10"": 3, ""11"": 1, ""12"": 8, ""13"": 2, ""14"": 2, ""15"": 8, ""16"": 1, ""17"": 3, ""18"": 15, ""19"": 1, ""20"": 1, ""21"": 5, ""22"": 5, ""23"": 6, ""24"": 25, ""25"": 3, ""26"": 1, ""27"": 19, ""28"": 19, ""29"": 7, ""30"": 10, ""31"": 3, ""32"": 2, ""33"": 1, ""34"": 4, ""35"": 1, ""36"": 9, ""37"": 4, ""38"": 1, ""39"": 11, ""40"": 22, ""41"": 1, ""42"": 1, ""43"": 14, ""44"": 1, ""45"": 1, ""46"": 1, ""47"": 6, ""48"": 1, ""49"": 4, ""50"": 1, ""51"": 1, ""52"": 1, ""53"": 1, ""54"": 1, ""55"": 18, ""56"": 1, ""57"": 1, ""58"": 1, ""59"": 1, ""60"": 1, ""61"": 1}"
28,f0834_03,397,56,318,79,"{""0"": 13, ""1"": 13, ""2"": 13, ""3"": 13, ""4"": 11, ""5"": 10, ""6"": 11, ""7"": 13, ""8"": 13, ""9"": 13, ""10"": 2, ""11"": 2, ""12"": 8, ""13"": 1, ""14"": 1, ""15"": 8, ""16"": 1, ""18"": 16, ""19"": 3, ""20"": 1, ""21"": 1, ""22"": 6, ""23"": 2, ""24"": 22, ""25"": 6, ""27"": 1, ""28"": 20, ""29"": 5, ""30"": 10, ""31"": 4, ""32"": 3, ""33"": 1, ""34"": 16, ""36"": 11, ""37"": 3, ""38"": 1, ""39"": 9, ""40"": 33, ""41"": 1, ""43"": 11, ""44"": 1, ""45"": 1, ""46"": 1, ""47"": 12, ""48"": 1, ""49"": 14, ""50"": 1, ""51"": 1, ""52"": 2, ""53"": 2, ""54"": 1, ""55"": 23, ""56"": 2, ""57"": 1, ""59"": 1, ""60"": 1}"
29,f0882_28,256,55,205,51,"{""0"": 11, ""1"": 11, ""2"": 13, ""3"": 10, ""4"": 14, ""5"": 10, ""6"": 10, ""7"": 10, ""8"": 7, ""9"": 9, ""10"": 3, ""11"": 2, ""12"": 8, ""13"": 1, ""14"": 1, ""15"": 7, ""17"": 2, ""18"": 11, ""19"": 1, ""21"": 1, ""22"": 2, ""23"": 8, ""24"": 9, ""25"": 5, ""26"": 1, ""27"": 1, ""28"": 11, ""29"": 5, ""30"": 7, ""31"": 4, ""32"": 1, ""33"": 1, ""34"": 2, ""35"": 1, ""36"": 4, ""37"": 2, ""38"": 1, ""39"": 4, ""40"": 8, ""41"": 1, ""42"": 4, ""43"": 1, ""44"": 1, ""47"": 15, ""48"": 1, ""51"": 1, ""52"": 1, ""53"": 2, ""54"": 1, ""55"": 4, ""56"": 1, ""57"": 1, ""58"": 1, ""59"": 1, ""60"": 1}"
30,f0904_04,305,58,244,61,"{""0"": 12, ""1"": 9, ""2"": 12, ""3"": 12, ""4"": 9, ""5"": 9, ""6"": 10, ""7"": 11, ""8"": 10, ""9"": 9, ""10"": 1, ""11"": 2, ""12"": 7, ""13"": 2, ""14"": 1, ""15"": 6, ""16"": 1, ""17"": 1, ""18"": 13, ""19"": 2, ""20"": 1, ""21"": 1, ""22"": 7, ""23"": 2, ""24"": 18, ""25"": 6, ""26"": 1, ""27"": 1, ""28"": 14, ""29"": 3, ""30"": 10, ""31"": 4, ""32"": 2, ""33"": 1, ""34"": 3, ""35"": 1, ""36"": 5, ""37"": 4, ""39"": 7, ""40"": 7, ""42"": 2, ""43"": 6, ""44"": 1, ""46"": 1, ""47"": 10, ""48"": 1, ""49"": 15, ""51"": 1, ""52"": 1, ""53"": 11, ""54"": 1, ""55"": 12, ""56"": 1, ""57"": 1, ""58"": 1, ""59"": 1, ""60"": 1, ""61"": 1}"
31,f0955_30,355,60,284,71,"{""0"": 10, ""1"": 13, ""2"": 8, ""3"": 11, ""4"": 10, ""5"": 7, ""6"": 6, ""7"": 10, ""8"": 10, ""9"": 11, ""10"": 2, ""11"": 1, ""12"": 6, ""13"": 2, ""14"": 1, ""15"": 6, ""16"": 1, ""17"": 1, ""18"": 11, ""19"": 2, ""20"": 1, ""21"": 3, ""22"": 6, ""23"": 1, ""24"": 24, ""25"": 8, ""26"": 1, ""27"": 1, ""28"": 19, ""29"": 4, ""30"": 10, ""31"": 1, ""32"": 3, ""33"": 1, ""34"": 9, ""35"": 1, ""37"": 4, ""39"": 9, ""40"": 38, ""41"": 1, ""42"": 3, ""43"": 6, ""44"": 1, ""45"": 1, ""46"": 1, ""47"": 8, ""48"": 1, ""49"": 15, ""50"": 1, ""51"": 1, ""52"": 2, ""53"": 15, ""54"": 1, ""55"": 18, ""56"": 1, ""57"": 1, ""58"": 1, ""59"": 1, ""60"": 2, ""61"": 1}"
32,f0965_28,317,57,254,63,"{""0"": 10, ""1"": 12, ""2"": 10, ""3"": 11, ""4"": 9, ""5"": 8, ""6"": 10, ""7"": 10, ""8"": 10, ""9"": 7, ""10"": 1, ""11"": 1, ""12"": 6, ""13"": 1, ""15"": 2, ""16"": 1, ""18"": 6, ""19"": 2, ""20"": 1, ""21"": 1, ""22"": 6, ""23"": 3, ""24"": 14, ""25"": 6, ""26"": 1, ""28"": 19, ""29"": 3, ""30"": 12, ""31"": 2, ""32"": 3, ""33"": 1, ""34"": 4, ""36"": 8, ""37"": 4, ""38"": 1, ""39"": 11, ""40"": 17, ""41"": 1, ""42"": 3, ""43"": 7, ""44"": 1, ""45"": 1, ""46"": 1, ""47"": 10, ""48"": 1, ""49"": 14, ""50"": 1, ""51"": 1, ""52"": 2, ""53"": 16, ""54"": 1, ""55"": 18, ""56"": 1, ""57"": 1, ""59"": 1, ""60"": 1, ""61"": 1}"
33,f0969_31,125,30,100,25,"{""0"": 4, ""1"": 7, ""2"": 3, ""3"": 5, ""4"": 5, ""5"": 3, ""6"": 5, ""7"": 4, ""8"": 4, ""9"": 5, ""10"": 1, ""12"": 4, ""15"": 1, ""18"": 4, ""24"": 11, ""25"": 2, ""28"": 6, ""29"": 3, ""30"": 1, ""32"": 1, ""34"": 1, ""36"": 6, ""37"": 1, ""39"": 3, ""40"": 11, ""43"": 2, ""47"": 7, ""49"": 4, ""53"": 1, ""55"": 10}"
34,f0989_33,398,62,318,80,"{""0"": 13, ""1"": 11, ""2"": 9, ""3"": 11, ""4"": 9, ""5"": 8, ""6"": 11, ""7"": 11, ""8"": 12, ""9"": 12, ""10"": 2, ""11"": 2, ""12"": 8, ""13"": 2, ""14"": 1, ""15"": 10, ""16"": 1, ""17"": 1, ""18"": 3, ""19"": 2, ""20"": 1, ""21"": 2, ""22"": 8, ""23"": 3, ""24"": 25, ""25"": 7, ""26"": 1, ""27"": 1, ""28"": 22, ""29"": 3, ""30"": 7, ""31"": 5, ""32"": 3, ""33"": 1, ""34"": 2, ""35"": 1, ""36"": 13, ""37"": 4, ""38"": 1, ""39"": 11, ""40"": 40, ""41"": 1, ""42"": 3, ""43"": 9, ""44"": 1, ""45"": 1, ""46"": 1, ""47"": 9, ""48"": 1, ""49"": 16, ""50"": 1, ""51"": 1, ""52"": 2, ""53"": 21, ""54"": 1, ""55"": 24, ""56"": 1, ""57"": 1, ""58"": 1, ""59"": 1, ""60"": 1, ""61"": 1}"
35,f1021_16,276,59,221,55,"{""0"": 5, ""1"": 12, ""2"": 10, ""3"": 8, ""4"": 7, ""5"": 1, ""6"": 9, ""7"": 10, ""8"": 11, ""9"": 8, ""10"": 3, ""11"": 1, ""12"": 6, ""13"": 2, ""14"": 1, ""15"": 8, ""16"": 1, ""17"": 1, ""18"": 3, ""19"": 1, ""20"": 1, ""21"": 3, ""22"": 4, ""23"": 5, ""24"": 23, ""25"": 6, ""26"": 1, ""27"": 1, ""28"": 15, ""29"": 19, ""30"": 4, ""31"": 1, ""32"": 3, ""33"": 1, ""34"": 4, ""35"": 1, ""36"": 3, ""37"": 3, ""38"": 2, ""39"": 8, ""40"": 16, ""42"": 1, ""43"": 5, ""44"": 1, ""45"": 1, ""46"": 1, ""47"": 2, ""48"": 1, ""49"": 5, ""51"": 1, ""52"": 1, ""53"": 15, ""54"": 1, ""55"": 4, ""56"": 1, ""57"": 1, ""58"": 1, ""59"": 1, ""61"": 1}"
36,f1026_41,204,55,163,41,"{""0"": 11, ""1"": 11, ""2"": 10, ""3"": 7, ""4"": 9, ""5"": 3, ""6"": 7, ""7"": 12, ""8"": 5, ""9"": 8, ""10"": 2, ""11"": 1, ""12"": 4, ""13"": 2, ""14"": 1, ""15"": 2, ""16"": 1, ""17"": 1, ""18"": 1, ""19"": 1, ""20"": 1, ""21"": 1, ""22"": 2, ""23"": 2, ""24"": 13, ""25"": 3, ""26"": 1, ""27"": 1, ""28"": 11, ""29"": 5, ""30"": 4, ""31"": 1, ""32"": 2, ""33"": 1, ""34"": 3, ""35"": 1, ""36"": 8, ""38"": 1, ""39"": 1, ""40"": 9, ""42"": 1, ""43"": 1, ""44"": 1, ""46"": 1, ""47"": 5, ""48"": 1, ""49"": 1, ""52"": 1, ""53"": 4, ""54"": 1, ""55"": 13, ""57"": 1, ""58"": 1, ""59"": 1, ""61"": 1}"
37,f1090_13,229,55,183,46,"{""0"": 7, ""1"": 9, ""2"": 3, ""3"": 4, ""4"": 6, ""5"": 4, ""6"": 6, ""7"": 10, ""8"": 7, ""9"": 6, ""10"": 1, ""11"": 1, ""12"": 6, ""13"": 1, ""14"": 1, ""15"": 3, ""16"": 1, ""17"": 1, ""18"": 4, ""20"": 1, ""21"": 2, ""22"": 4, ""23"": 1, ""24"": 13, ""25"": 4, ""26"": 1, ""27"": 1, ""28"": 9, ""29"": 4, ""30"": 7, ""32"": 3, ""33"": 1, ""34"": 3, ""35"": 1, ""36"": 3, ""37"": 4, ""39"": 3, ""40"": 25, ""41"": 1, ""42"": 1, ""43"": 9, ""44"": 1, ""46"": 1, ""47"": 4, ""49"": 8, ""50"": 1, ""51"": 1, ""52"": 1, ""53"": 11, ""54"": 1, ""55"": 13, ""56"": 1, ""58"": 1, ""60"": 2, ""61"": 1}"
38,f1125_41,343,58,274,69,"{""0"": 11, ""1"": 13, ""2"": 12, ""3"": 11, ""4"": 13, ""5"": 12, ""6"": 13, ""7"": 11, ""8"": 12, ""9"": 11, ""10"": 13, ""11"": 2, ""12"": 7, ""13"": 2, ""15"": 10, ""16"": 1, ""18"": 8, ""19"": 2, ""20"": 1, ""21"": 1, ""22"": 8, ""23"": 14, ""24"": 25, ""25"": 7, ""26"": 1, ""27"": 1, ""28"": 20, ""29"": 6, ""30"": 10, ""31"": 3, ""32"": 2, ""33"": 1, ""34"": 3, ""35"": 1, ""36"": 1, ""37"": 3, ""39"": 10, ""40"": 1, ""41"": 1, ""42"": 2, ""43"": 9, ""45"": 1, ""46"": 1, ""47"": 7, ""48"": 1, ""49"": 1, ""50"": 1, ""51"": 1, ""52"": 2, ""53"": 1, ""54"": 1, ""55"": 25, ""56"": 1, ""57"": 1, ""58"": 1, ""59"": 1, ""60"": 1, ""61"": 1}"
39,f1190_46,267,58,214,53,"{""0"": 8, ""1"": 12, ""2"": 11, ""3"": 8, ""4"": 12, ""5"": 7, ""6"": 8, ""7"": 9, ""8"": 10, ""9"": 10, ""10"": 13, ""11"": 2, ""12"": 6, ""13"": 1, ""14"": 1, ""15"": 1, ""18"": 3, ""19"": 2, ""20"": 1, ""21"": 1, ""22"": 3, ""23"": 12, ""24"": 17, ""25"": 4, ""26"": 1, ""27"": 1, ""28"": 17, ""29"": 3, ""30"": 10, ""31"": 3, ""33"": 1, ""34"": 2, ""35"": 1, ""36"": 1, ""37"": 4, ""38"": 1, ""39"": 9, ""40"": 1, ""41"": 1, ""42"": 1, ""43"": 6, ""44"": 1, ""45"": 1, ""46"": 1, ""47"": 9, ""48"": 1, ""49"": 1, ""50"": 1, ""51"": 1, ""52"": 2, ""53"": 1, ""55"": 17, ""56"": 1, ""57"": 1, ""58"": 1, ""59"": 1, ""60"": 1, ""61"": 1}"
40,f1217_02,304,53,243,61,"{""0"": 12, ""1"": 13, ""2"": 9, ""3"": 8, ""4"": 8, ""5"": 6, ""6"": 8, ""7"": 11, ""8"": 9, ""9"": 10, ""10"": 1, ""11"": 2, ""12"": 7, ""14"": 1, ""15"": 6, ""16"": 1, ""18"": 5, ""19"": 1, ""21"": 1, ""22"": 8, ""23"": 1, ""24"": 22, ""25"": 4, ""26"": 1, ""28"": 17, ""29"": 3, ""30"": 9, ""31"": 1, ""32"": 3, ""33"": 1, ""34"": 3, ""36"": 7, ""37"": 2, ""38"": 1, ""39"": 1, ""40"": 28, ""42"": 1, ""43"": 6, ""44"": 1, ""45"": 1, ""47"": 8, ""48"": 1, ""49"": 13, ""50"": 1, ""51"": 1, ""52"": 1, ""53"": 14, ""54"": 1, ""55"": 20, ""56"": 1, ""57"": 1, ""58"": 1, ""60"": 1}"
41,f1311_39,298,60,238,60,"{""0"": 12, ""1"": 13, ""2"": 12, ""3"": 12, ""4"": 13, ""5"": 13, ""6"": 13, ""7"": 13, ""8"": 13, ""9"": 11, ""10"": 2, ""11"": 2, ""12"": 7, ""13"": 2, ""14"": 1, ""15"": 1, ""16"": 1, ""17"": 1, ""18"": 6, ""19"": 2, ""20"": 1, ""21"": 1, ""22"": 5, ""23"": 1, ""24"": 15, ""25"": 6, ""26"": 1, ""27"": 1, ""28"": 13, ""29"": 4, ""30"": 9, ""31"": 1, ""32"": 2, ""33"": 1, ""34"": 2, ""35"": 1, ""36"": 10, ""37"": 3, ""38"": 1, ""39"": 2, ""40"": 12, ""41"": 1, ""42"": 2, ""43"": 7, ""44"": 1, ""45"": 1, ""46"": 1, ""47"": 4, ""48"": 1, ""49"": 8, ""50"": 1, ""51"": 1, ""52"": 1, ""53"": 11, ""54"": 1, ""55"": 11, ""56"": 1, ""59"": 1, ""60"": 1, ""61"": 1}"
42,f1354_22,336,58,269,67,"{""0"": 12, ""1"": 12, ""2"": 6, ""3"": 9, ""4"": 11, ""5"": 9, ""6"": 11, ""7"": 10, ""8"": 11, ""9"": 12, ""10"": 2, ""11"": 1, ""12"": 6, ""13"": 2, ""14"": 1, ""15"": 5, ""16"": 1, ""17"": 1, ""18"": 9, ""19"": 1, ""21"": 2, ""22"": 7, ""23"": 3, ""24"": 15, ""25"": 4, ""26"": 1, ""27"": 1, ""28"": 17, ""29"": 13, ""30"": 10, ""31"": 3, ""32"": 3, ""33"": 1, ""34"": 3, ""35"": 1, ""36"": 11, ""37"": 3, ""38"": 1, ""39"": 7, ""40"": 27, ""41"": 1, ""42"": 2, ""43"": 8, ""45"": 1, ""46"": 1, ""47"": 8, ""48"": 1, ""49"": 14, ""50"": 1, ""51"": 1, ""52"": 1, ""53"": 17, ""54"": 1, ""55"": 9, ""56"": 2, ""57"": 1, ""60"": 1, ""61"": 1}"
43,f1399_06,202,50,162,40,"{""0"": 8, ""1"": 13, ""2"": 9, ""3"": 11, ""4"": 10, ""5"": 9, ""6"": 12, ""7"": 10, ""8"": 10, ""9"": 9, ""10"": 10, ""11"": 1, ""12"": 2, ""13"": 2, ""15"": 1, ""17"": 1, ""18"": 3, ""20"": 1, ""22"": 4, ""23"": 10, ""24"": 11, ""25"": 2, ""27"": 1, ""28"": 10, ""29"": 7, ""30"": 7, ""31"": 1, ""32"": 1, ""34"": 1, ""36"": 1, ""38"": 1, ""39"": 1, ""40"": 1, ""41"": 1, ""42"": 1, ""43"": 1, ""44"": 1, ""45"": 1, ""46"": 1, ""48"": 1, ""49"": 2, ""52"": 1, ""53"": 1, ""54"": 1, ""55"": 4, ""56"": 1, ""58"": 1, ""59"": 1, ""60"": 1, ""61"": 1}"
44,f1431_47,283,51,226,57,"{""0"": 13, ""1"": 12, ""2"": 12, ""3"": 13, ""4"": 9, ""5"": 11, ""6"": 11, ""7"": 13, ""8"": 12, ""9"": 11, ""10"": 1, ""11"": 1, ""12"": 6, ""13"": 1, ""15"": 5, ""18"": 3, ""19"": 1, ""21"": 1, ""22"": 3, ""23"": 1, ""24"": 15, ""25"": 5, ""28"": 18, ""29"": 4, ""30"": 7, ""34"": 1, ""36"": 7, ""37"": 4, ""38"": 1, ""39"": 7, ""40"": 17, ""41"": 1, ""42"": 1, ""43"": 7, ""44"": 1, ""45"": 1, ""46"": 1, ""47"": 5, ""48"": 1, ""49"": 4, ""50"": 1, ""52"": 1, ""53"": 11, ""54"": 1, ""55"": 15, ""56"": 1, ""57"": 1, ""58"": 1, ""59"": 1, ""60"": 1, ""61"": 1}"
45,f1443_09,338,59,270,68,"{""0"": 13, ""1"": 13, ""2"": 10, ""3"": 11, ""4"": 12, ""5"": 9, ""6"": 11, ""7"": 12, ""8"": 13, ""9"": 11, ""10"": 2, ""11"": 2, ""12"": 5, ""13"": 2, ""14"": 1, ""15"": 6, ""16"": 1, ""17"": 1, ""18"": 3, ""19"": 2, ""20"": 1, ""21"": 2, ""22"": 7, ""23"": 2, ""24"": 19, ""25"": 6, ""26"": 1, ""27"": 1, ""28"": 15, ""29"": 3, ""30"": 9, ""31"": 3, ""32"": 2, ""33"": 1, ""34"": 3, ""35"": 1, ""36"": 12, ""37"": 4, ""38"": 1, ""39"": 8, ""40"": 29, ""41"": 1, ""42"": 1, ""43"": 7, ""44"": 1, ""45"": 1, ""46"": 1, ""47"": 7, ""48"": 1, ""49"": 13, ""50"": 1, ""52"": 2, ""53"": 9, ""55"": 18, ""56"": 1, ""57"": 1, ""58"": 1, ""60"": 1, ""61"": 1}"
46,f1446_25,280,58,224,56,"{""0"": 10, ""1"": 11, ""2"": 8, ""3"": 9, ""4"": 9, ""5"": 7, ""6"": 12, ""7"": 12, ""8"": 8, ""9"": 11, ""10"": 2, ""11"": 1, ""12"": 6, ""13"": 1, ""14"": 1, ""15"": 5, ""16"": 1, ""17"": 1, ""18"": 5, ""19"": 1, ""20"": 1, ""21"": 7, ""22"": 3, ""23"": 2, ""24"": 21, ""25"": 6, ""26"": 1, ""28"": 11, ""29"": 13, ""30"": 10, ""31"": 3, ""32"": 1, ""34"": 3, ""35"": 1, ""36"": 1, ""37"": 4, ""38"": 1, ""39"": 4, ""40"": 17, ""41"": 1, ""42"": 1, ""43"": 5, ""44"": 1, ""45"": 2, ""46"": 1, ""47"": 1, ""48"": 1, ""49"": 5, ""50"": 1, ""52"": 1, ""53"": 17, ""54"": 1, ""55"": 6, ""56"": 1, ""58"": 1, ""59"": 1, ""60"": 1, ""61"": 1}"
47,f1472_37,386,57,309,77,"{""0"": 13, ""1"": 13, ""2"": 13, ""3"": 13, ""4"": 12, ""5"": 11, ""6"": 11, ""7"": 11, ""8"": 11, ""9"": 10, ""10"": 2, ""11"": 1, ""12"": 8, ""13"": 2, ""15"": 9, ""16"": 1, ""17"": 1, ""18"": 10, ""19"": 1, ""20"": 1, ""21"": 2, ""22"": 8, ""23"": 2, ""24"": 25, ""25"": 6, ""28"": 21, ""29"": 5, ""30"": 10, ""31"": 3, ""32"": 3, ""34"": 4, ""35"": 1, ""36"": 13, ""37"": 3, ""38"": 1, ""39"": 11, ""40"": 22, ""41"": 1, ""42"": 3, ""43"": 10, ""44"": 1, ""45"": 1, ""46"": 1, ""47"": 9, ""48"": 1, ""49"": 11, ""50"": 1, ""52"": 1, ""53"": 19, ""54"": 1, ""55"": 26, ""56"": 1, ""57"": 1, ""58"": 1, ""59"": 1, ""60"": 1, ""61"": 1}"
48,f1545_40,142,50,114,28,"{""0"": 12, ""1"": 11, ""2"": 10, ""3"": 10, ""4"": 13, ""5"": 9, ""6"": 11, ""7"": 9, ""8"": 8, ""9"": 9, ""10"": 1, ""11"": 1, ""12"": 1, ""13"": 1, ""14"": 1, ""15"": 1, ""16"": 1, ""19"": 1, ""21"": 1, ""23"": 1, ""24"": 1, ""25"": 1, ""28"": 1, ""29"": 1, ""30"": 1, ""31"": 1, ""33"": 1, ""35"": 1, ""37"": 1, ""38"": 1, ""39"": 1, ""40"": 1, ""41"": 1, ""42"": 1, ""43"": 1, ""44"": 1, ""45"": 1, ""46"": 1, ""47"": 1, ""49"": 1, ""50"": 1, ""51"": 1, ""52"": 1, ""54"": 1, ""55"": 1, ""56"": 1, ""57"": 1, ""59"": 1, ""60"": 1, ""61"": 1}"
49,f1558_21,147,48,118,29,"{""0"": 12, ""1"": 11, ""2"": 10, ""3"": 13, ""4"": 11, ""5"": 7, ""6"": 11, ""7"": 10, ""8"": 11, ""9"": 11, ""11"": 1, ""13"": 1, ""14"": 1, ""15"": 1, ""18"": 1, ""21"": 1, ""22"": 1, ""23"": 1, ""24"": 1, ""25"": 1, ""26"": 1, ""27"": 1, ""29"": 1, ""30"": 1, ""33"": 1, ""34"": 2, ""35"": 1, ""37"": 1, ""38"": 1, ""40"": 1, ""41"": 1, ""42"": 2, ""43"": 1, ""44"": 1, ""45"": 1, ""46"": 1, ""47"": 1, ""49"": 1, ""50"": 1, ""51"": 1, ""53"": 1, ""54"": 1, ""55"": 1, ""56"": 1, ""57"": 1, ""58"": 1, ""59"": 1, ""61"": 1}"
50,f1594_09,137,51,110,27,"{""0"": 13, ""1"": 12, ""2"": 9, ""3"": 11, ""4"": 7, ""5"": 4, ""6"": 7, ""7"": 12, ""8"": 10, ""9"": 9, ""10"": 1, ""13"": 1, ""14"": 1, ""15"": 1, ""16"": 1, ""17"": 1, ""18"": 1, ""19"": 1, ""20"": 1, ""21"": 1, ""22"": 1, ""23"": 1, ""24"": 1, ""27"": 1, ""28"": 1, ""31"": 1, ""32"": 1, ""33"": 1, ""35"": 1, ""36"": 1, ""37"": 1, ""38"": 1, ""39"": 1, ""40"": 1, ""41"": 1, ""42"": 2, ""43"": 1, ""44"": 1, ""45"": 1, ""47"": 2, ""48"": 1, ""49"": 1, ""50"": 1, ""53"": 1, ""54"": 1, ""56"": 1, ""57"": 1, ""58"": 1, ""59"": 1, ""60"": 1, ""61"": 1}"
51,f1658_04,159,49,127,32,"{""0"": 13, ""1"": 13, ""2"": 12, ""3"": 13, ""4"": 13, ""5"": 10, ""6"": 11, ""7"": 12, ""8"": 10, ""9"": 11, ""11"": 1, ""12"": 1, ""13"": 1, ""14"": 1, ""15"": 1, ""16"": 1, ""17"": 1, ""18"": 2, ""19"": 1, ""20"": 1, ""21"": 1, ""23"": 1, ""24"": 1, ""25"": 1, ""26"": 1, ""27"": 1, ""28"": 1, ""30"": 1, ""32"": 1, ""35"": 1, ""36"": 1, ""37"": 1, ""38"": 1, ""39"": 1, ""40"": 1, ""43"": 1, ""44"": 1, ""46"": 1, ""47"": 1, ""48"": 1, ""49"": 2, ""50"": 1, ""53"": 1, ""54"": 1, ""55"": 1, ""56"": 1, ""57"": 1, ""58"": 1, ""59"": 1}"
52,f1701_10,157,59,126,31,"{""0"": 12, ""1"": 13, ""2"": 10, ""3"": 11, ""4"": 10, ""5"": 12, ""6"": 11, ""7"": 10, ""8"": 9, ""9"": 10, ""10"": 1, ""11"": 1, ""12"": 1, ""13"": 1, ""14"": 1, ""15"": 1, ""16"": 1, ""17"": 1, ""18"": 1, ""19"": 1, ""20"": 1, ""22"": 1, ""23"": 1, ""24"": 1, ""25"": 1, ""26"": 1, ""27"": 1, ""28"": 1, ""29"": 1, ""30"": 1, ""31"": 1, ""32"": 1, ""33"": 1, ""34"": 1, ""35"": 1, ""36"": 1, ""37"": 1, ""38"": 1, ""39"": 1, ""40"": 1, ""41"": 1, ""42"": 1, ""43"": 1, ""44"": 1, ""45"": 1, ""46"": 1, ""47"": 1, ""48"": 1, ""49"": 1, ""50"": 1, ""51"": 1, ""53"": 1, ""54"": 1, ""55"": 1, ""57"": 1, ""58"": 1, ""59"": 1, ""60"": 1, ""61"": 1}"
53,f1741_16,160,55,128,32,"{""0"": 13, ""1"": 10, ""2"": 12, ""3"": 11, ""4"": 12, ""5"": 11, ""6"": 12, ""7"": 12, ""8"": 11, ""9"": 11, ""11"": 1, ""12"": 1, ""13"": 1, ""14"": 1, ""15"": 1, ""16"": 1, ""18"": 1, ""19"": 1, ""20"": 1, ""21"": 1, ""22"": 1, ""23"": 1, ""24"": 1, ""25"": 1, ""26"": 1, ""27"": 1, ""28"": 1, ""30"": 1, ""31"": 1, ""32"": 1, ""33"": 1, ""34"": 1, ""35"": 1, ""36"": 1, ""37"": 1, ""38"": 1, ""39"": 1, ""41"": 1, ""42"": 1, ""43"": 1, ""44"": 1, ""45"": 1, ""46"": 1, ""47"": 1, ""49"": 1, ""51"": 1, ""52"": 1, ""53"": 1, ""54"": 1, ""55"": 1, ""56"": 1, ""58"": 1, ""59"": 1, ""60"": 1, ""61"": 1}"
54,f1752_29,172,53,138,34,"{""0"": 13, ""1"": 12, ""2"": 13, ""3"": 13, ""4"": 13, ""5"": 13, ""6"": 13, ""7"": 13, ""8"": 13, ""9"": 13, ""10"": 1, ""11"": 1, ""12"": 1, ""13"": 1, ""14"": 1, ""15"": 1, ""16"": 1, ""17"": 1, ""18"": 1, ""19"": 1, ""20"": 1, ""21"": 1, ""22"": 1, ""23"": 1, ""24"": 1, ""25"": 1, ""26"": 1, ""27"": 1, ""28"": 1, ""29"": 1, ""30"": 1, ""31"": 1, ""32"": 1, ""33"": 1, ""34"": 1, ""35"": 1, ""36"": 1, ""37"": 1, ""40"": 1, ""41"": 1, ""43"": 1, ""46"": 1, ""47"": 1, ""48"": 1, ""50"": 1, ""51"": 1, ""54"": 1, ""55"": 1, ""56"": 1, ""58"": 1, ""59"": 1, ""60"": 1, ""61"": 1}"
55,f1861_26,170,60,136,34,"{""0"": 11, ""1"": 12, ""2"": 13, ""3"": 13, ""4"": 12, ""5"": 11, ""6"": 11, ""7"": 13, ""8"": 12, ""9"": 12, ""10"": 1, ""11"": 1, ""12"": 1, ""13"": 1, ""14"": 1, ""15"": 1, ""16"": 1, ""17"": 1, ""18"": 1, ""19"": 1, ""20"": 1, ""21"": 1, ""22"": 1, ""23"": 1, ""24"": 1, ""25"": 1, ""26"": 1, ""27"": 1, ""28"": 1, ""29"": 1, ""30"": 1, ""31"": 1, ""32"": 1, ""33"": 1, ""34"": 1, ""35"": 1, ""36"": 1, ""37"": 1, ""38"": 1, ""39"": 1, ""40"": 1, ""41"": 1, ""42"": 1, ""43"": 1, ""44"": 1, ""47"": 1, ""48"": 1, ""49"": 1, ""50"": 1, ""51"": 1, ""52"": 1, ""53"": 1, ""54"": 1, ""55"": 1, ""56"": 1, ""57"": 1, ""58"": 1, ""59"": 1, ""60"": 1, ""61"": 1}"
56,f1865_30,149,58,119,30,"{""0"": 10, ""1"": 11, ""2"": 9, ""3"": 11, ""4"": 6, ""5"": 12, ""6"": 13, ""7"": 9, ""8"": 8, ""9"": 11, ""10"": 1, ""11"": 1, ""12"": 1, ""14"": 1, ""15"": 1, ""16"": 1, ""17"": 1, ""18"": 2, ""19"": 1, ""21"": 1, ""22"": 1, ""23"": 1, ""24"": 1, ""25"": 1, ""26"": 1, ""27"": 1, ""28"": 1, ""29"": 1, ""30"": 1, ""31"": 1, ""32"": 1, ""33"": 1, ""34"": 1, ""35"": 1, ""36"": 1, ""37"": 1, ""38"": 1, ""39"": 1, ""40"": 1, ""41"": 1, ""42"": 1, ""43"": 1, ""44"": 1, ""45"": 1, ""46"": 1, ""47"": 1, ""48"": 1, ""49"": 1, ""50"": 1, ""51"": 1, ""52"": 1, ""53"": 1, ""54"": 1, ""55"": 1, ""56"": 1, ""57"": 1, ""58"": 1, ""60"": 1}"
57,f1880_06,145,54,116,29,"{""0"": 9, ""1"": 12, ""2"": 12, ""3"": 10, ""4"": 11, ""5"": 8, ""6"": 8, ""7"": 11, ""8"": 8, ""9"": 12, ""10"": 1, ""11"": 1, ""13"": 1, ""14"": 1, ""15"": 1, ""16"": 1, ""17"": 1, ""18"": 1, ""19"": 1, ""20"": 1, ""21"": 1, ""23"": 1, ""24"": 1, ""25"": 1, ""27"": 1, ""28"": 1, ""29"": 1, ""30"": 1, ""32"": 1, ""33"": 1, ""34"": 1, ""35"": 1, ""36"": 1, ""37"": 1, ""38"": 1, ""39"": 1, ""41"": 1, ""42"": 1, ""43"": 1, ""44"": 1, ""45"": 1, ""46"": 1, ""47"": 1, ""49"": 1, ""50"": 1, ""52"": 1, ""54"": 1, ""55"": 1, ""56"": 1, ""57"": 1, ""58"": 1, ""59"": 1, ""60"": 1, ""61"": 1}"
58,f1913_37,143,30,114,29,"{""0"": 12, ""1"": 12, ""2"": 13, ""3"": 13, ""4"": 13, ""5"": 13, ""6"": 12, ""7"": 13, ""8"": 13, ""9"": 9, ""10"": 1, ""11"": 1, ""12"": 1, ""13"": 1, ""14"": 1, ""16"": 1, ""17"": 1, ""18"": 1, ""19"": 1, ""20"": 1, ""23"": 1, ""24"": 1, ""25"": 1, ""26"": 1, ""27"": 1, ""30"": 1, ""32"": 1, ""33"": 1, ""34"": 1, ""35"": 1}"
59,f1979_36,135,49,108,27,"{""0"": 11, ""1"": 10, ""2"": 12, ""3"": 10, ""4"": 8, ""5"": 6, ""6"": 8, ""7"": 11, ""8"": 10, ""9"": 10, ""10"": 1, ""12"": 1, ""13"": 1, ""14"": 1, ""15"": 1, ""17"": 1, ""18"": 1, ""23"": 1, ""24"": 1, ""25"": 1, ""26"": 1, ""27"": 1, ""28"": 1, ""29"": 1, ""30"": 1, ""32"": 1, ""35"": 1, ""36"": 1, ""38"": 1, ""39"": 1, ""40"": 1, ""41"": 1, ""42"": 1, ""43"": 1, ""44"": 1, ""46"": 1, ""47"": 1, ""48"": 1, ""49"": 1, ""50"": 1, ""51"": 1, ""53"": 1, ""54"": 1, ""55"": 1, ""56"": 1, ""57"": 1, ""58"": 1, ""60"": 1, ""61"": 1}"
60,f1981_44,140,57,112,28,"{""0"": 10, ""1"": 13, ""2"": 9, ""3"": 11, ""4"": 11, ""5"": 5, ""6"": 6, ""7"": 8, ""8"": 9, ""9"": 11, ""10"": 1, ""11"": 1, ""12"": 1, ""13"": 1, ""14"": 1, ""15"": 1, ""16"": 1, ""17"": 1, ""18"": 1, ""19"": 1, ""20"": 1, ""21"": 1, ""22"": 1, ""23"": 1, ""24"": 1, ""25"": 1, ""26"": 1, ""27"": 1, ""28"": 1, ""29"": 1, ""30"": 1, ""31"": 1, ""32"": 1, ""33"": 1, ""34"": 1, ""35"": 1, ""38"": 1, ""39"": 1, ""41"": 1, ""42"": 1, ""43"": 1, ""44"": 1, ""46"": 1, ""47"": 1, ""48"": 1, ""49"": 1, ""50"": 1, ""51"": 1, ""52"": 1, ""53"": 1, ""54"": 1, ""55"": 1, ""57"": 1, ""58"": 1, ""59"": 1, ""60"": 1, ""61"": 1}"
61,f1994_21,160,55,128,32,"{""0"": 12, ""1"": 13, ""2"": 11, ""3"": 10, ""4"": 13, ""5"": 12, ""6"": 12, ""7"": 11, ""8"": 9, ""9"": 12, ""10"": 1, ""11"": 1, ""13"": 1, ""14"": 1, ""15"": 1, ""16"": 1, ""17"": 1, ""18"": 1, ""20"": 1, ""22"": 1, ""23"": 1, ""24"": 1, ""25"": 1, ""26"": 1, ""27"": 1, ""28"": 1, ""30"": 1, ""31"": 1, ""32"": 1, ""33"": 1, ""34"": 1, ""35"": 1, ""36"": 1, ""37"": 1, ""38"": 1, ""39"": 1, ""40"": 1, ""41"": 1, ""42"": 1, ""43"": 1, ""44"": 1, ""47"": 1, ""48"": 1, ""49"": 1, ""50"": 1, ""51"": 1, ""52"": 1, ""53"": 1, ""54"": 1, ""55"": 1, ""56"": 1, ""57"": 1, ""58"": 1, ""59"": 1, ""61"": 1}"
62,f2026_32,171,56,137,34,"{""0"": 13, ""1"": 12, ""2"": 12, ""3"": 13, ""4"": 13, ""5"": 11, ""6"": 13, ""7"": 13, ""8"": 13, ""9"": 10, ""10"": 1, ""11"": 1, ""13"": 1, ""14"": 1, ""15"": 1, ""16"": 1, ""17"": 1, ""18"": 1, ""19"": 1, ""20"": 1, ""21"": 1, ""23"": 1, ""24"": 1, ""25"": 1, ""26"": 1, ""27"": 1, ""28"": 1, ""29"": 1, ""30"": 1, ""31"": 1, ""32"": 1, ""33"": 1, ""34"": 1, ""35"": 1, ""36"": 1, ""37"": 1, ""38"": 1, ""39"": 1, ""40"": 1, ""41"": 1, ""42"": 1, ""43"": 1, ""44"": 1, ""47"": 2, ""48"": 1, ""49"": 1, ""50"": 1, ""51"": 1, ""52"": 1, ""54"": 1, ""55"": 1, ""56"": 2, ""57"": 1, ""59"": 1, ""60"": 1, ""61"": 1}"
63,f2030_28,158,50,126,32,"{""0"": 11, ""1"": 13, ""2"": 13, ""3"": 12, ""4"": 10, ""5"": 13, ""6"": 12, ""7"": 10, ""8"": 13, ""9"": 10, ""10"": 1, ""11"": 1, ""12"": 1, ""13"": 1, ""14"": 1, ""16"": 1, ""17"": 1, ""19"": 1, ""20"": 1, ""22"": 1, ""23"": 1, ""24"": 1, ""25"": 1, ""26"": 1, ""29"": 1, ""30"": 1, ""31"": 1, ""33"": 1, ""34"": 1, ""35"": 1, ""36"": 1, ""38"": 1, ""39"": 1, ""42"": 1, ""43"": 1, ""44"": 1, ""46"": 1, ""47"": 1, ""49"": 1, ""50"": 1, ""51"": 1, ""52"": 1, ""53"": 1, ""54"": 1, ""55"": 1, ""56"": 2, ""57"": 1, ""59"": 1, ""60"": 1, ""61"": 1}"
64,f2081_42,158,51,126,32,"{""0"": 11, ""1"": 13, ""2"": 10, ""3"": 12, ""4"": 13, ""5"": 11, ""6"": 11, ""7"": 12, ""8"": 12, ""9"": 12, ""11"": 1, ""13"": 1, ""14"": 1, ""17"": 1, ""18"": 1, ""20"": 1, ""21"": 1, ""23"": 1, ""24"": 1, ""26"": 1, ""27"": 1, ""28"": 1, ""29"": 1, ""30"": 1, ""31"": 1, ""32"": 1, ""33"": 1, ""34"": 1, ""35"": 1, ""36"": 1, ""37"": 1, ""38"": 1, ""39"": 1, ""42"": 1, ""43"": 1, ""46"": 1, ""47"": 1, ""48"": 1, ""49"": 1, ""50"": 1, ""51"": 1, ""52"": 1, ""53"": 1, ""54"": 1, ""55"": 1, ""56"": 1, ""57"": 1, ""58"": 1, ""59"": 1, ""60"": 1, ""61"": 1}"
65,f2094_44,133,41,106,27,"{""0"": 13, ""1"": 12, ""2"": 9, ""3"": 12, ""4"": 12, ""5"": 8, ""6"": 7, ""7"": 11, ""8"": 9, ""9"": 9, ""11"": 1, ""13"": 1, ""14"": 1, ""15"": 1, ""17"": 1, ""18"": 1, ""19"": 1, ""22"": 1, ""24"": 1, ""25"": 1, ""26"": 1, ""28"": 1, ""30"": 1, ""32"": 1, ""33"": 1, ""34"": 1, ""35"": 1, ""37"": 1, ""39"": 1, ""41"": 1, ""43"": 1, ""46"": 1, ""47"": 1, ""48"": 1, ""50"": 1, ""53"": 1, ""54"": 1, ""57"": 1, ""58"": 1, ""59"": 1, ""61"": 1}"
66,f2128_52,155,45,124,31,"{""0"": 13, ""1"": 11, ""2"": 11, ""3"": 8, ""4"": 16, ""5"": 9, ""6"": 12, ""7"": 13, ""8"": 12, ""9"": 7, ""12"": 1, ""14"": 1, ""15"": 1, ""18"": 3, ""21"": 1, ""22"": 1, ""24"": 1, ""25"": 1, ""26"": 1, ""29"": 1, ""30"": 1, ""31"": 1, ""32"": 1, ""33"": 1, ""36"": 1, ""38"": 1, ""39"": 1, ""40"": 1, ""41"": 2, ""42"": 1, ""43"": 1, ""45"": 1, ""47"": 4, ""48"": 1, ""49"": 1, ""50"": 1, ""51"": 1, ""52"": 2, ""53"": 1, ""55"": 1, ""57"": 1, ""58"": 1, ""59"": 1, ""60"": 2, ""61"": 1}"
67,f2137_90,134,42,107,27,"{""0"": 10, ""1"": 8, ""2"": 10, ""3"": 11, ""4"": 9, ""5"": 11, ""6"": 9, ""7"": 9, ""8"": 11, ""9"": 10, ""12"": 1, ""16"": 1, ""18"": 2, ""19"": 1, ""21"": 1, ""22"": 1, ""24"": 1, ""25"": 1, ""27"": 1, ""31"": 1, ""33"": 1, ""34"": 1, ""36"": 2, ""37"": 1, ""39"": 1, ""41"": 1, ""42"": 1, ""43"": 1, ""47"": 1, ""48"": 1, ""49"": 1, ""50"": 1, ""51"": 2, ""52"": 1, ""53"": 1, ""54"": 1, ""55"": 1, ""57"": 1, ""58"": 2, ""59"": 1, ""60"": 1, ""61"": 1}"
68,f2268_88,182,60,146,36,"{""0"": 15, ""1"": 13, ""2"": 13, ""3"": 13, ""4"": 13, ""5"": 13, ""6"": 13, ""7"": 13, ""8"": 12, ""9"": 13, ""10"": 1, ""11"": 1, ""12"": 1, ""13"": 1, ""14"": 1, ""15"": 1, ""16"": 1, ""17"": 1, ""18"": 1, ""19"": 1, ""20"": 1, ""21"": 1, ""22"": 1, ""23"": 1, ""24"": 1, ""25"": 1, ""26"": 1, ""27"": 1, ""28"": 1, ""29"": 1, ""30"": 1, ""31"": 1, ""32"": 1, ""33"": 1, ""34"": 1, ""35"": 1, ""36"": 1, ""37"": 1, ""38"": 1, ""39"": 1, ""40"": 1, ""41"": 1, ""42"": 2, ""43"": 1, ""45"": 1, ""46"": 1, ""47"": 1, ""48"": 1, ""49"": 1, ""50"": 1, ""51"": 1, ""53"": 1, ""54"": 1, ""55"": 1, ""56"": 1, ""57"": 1, ""58"": 1, ""59"": 1, ""60"": 1, ""61"": 1}"
69,f2311_61,174,53,139,35,"{""0"": 10, ""1"": 14, ""2"": 13, ""3"": 13, ""4"": 11, ""5"": 11, ""6"": 13, ""7"": 13, ""8"": 13, ""9"": 13, ""10"": 1, ""11"": 1, ""12"": 1, ""13"": 1, ""15"": 1, ""16"": 1, ""17"": 1, ""18"": 3, ""19"": 1, ""20"": 1, ""21"": 1, ""22"": 1, ""23"": 1, ""24"": 1, ""25"": 1, ""26"": 1, ""27"": 1, ""28"": 1, ""29"": 1, ""30"": 2, ""32"": 1, ""33"": 1, ""35"": 1, ""36"": 1, ""37"": 1, ""38"": 1, ""39"": 1, ""40"": 1, ""42"": 2, ""43"": 2, ""46"": 1, ""47"": 2, ""48"": 1, ""49"": 1, ""50"": 1, ""51"": 1, ""52"": 1, ""53"": 1, ""55"": 1, ""56"": 1, ""58"": 1, ""59"": 2, ""60"": 1}"
70,f2371_68,170,58,136,34,"{""0"": 13, ""1"": 13, ""2"": 12, ""3"": 12, ""4"": 10, ""5"": 13, ""6"": 12, ""7"": 12, ""8"": 12, ""9"": 11, ""10"": 1, ""11"": 1, ""12"": 1, ""13"": 1, ""14"": 1, ""15"": 1, ""16"": 1, ""18"": 2, ""19"": 1, ""20"": 1, ""21"": 1, ""22"": 1, ""23"": 1, ""24"": 1, ""25"": 1, ""26"": 1, ""27"": 1, ""28"": 1, ""29"": 1, ""30"": 1, ""31"": 1, ""32"": 1, ""33"": 1, ""34"": 1, ""35"": 1, ""36"": 1, ""37"": 1, ""38"": 1, ""39"": 1, ""40"": 1, ""41"": 1, ""42"": 1, ""43"": 1, ""44"": 2, ""46"": 1, ""48"": 1, ""49"": 1, ""50"": 1, ""51"": 1, ""52"": 1, ""53"": 1, ""54"": 1, ""56"": 1, ""57"": 1, ""58"": 1, ""59"": 1, ""60"": 1, ""61"": 1}"
71,f2391_85,173,56,138,35,"{""0"": 12, ""1"": 13, ""2"": 13, ""3"": 12, ""4"": 13, ""5"": 10, ""6"": 12, ""7"": 13, ""8"": 13, ""9"": 12, ""10"": 1, ""11"": 1, ""12"": 1, ""13"": 1, ""14"": 1, ""15"": 1, ""16"": 1, ""17"": 1, ""18"": 1, ""20"": 1, ""21"": 1, ""22"": 1, ""23"": 1, ""24"": 1, ""25"": 1, ""27"": 1, ""28"": 1, ""29"": 1, ""30"": 1, ""31"": 1, ""32"": 1, ""33"": 1, ""34"": 1, ""35"": 1, ""36"": 2, ""37"": 1, ""38"": 1, ""39"": 1, ""40"": 1, ""41"": 1, ""42"": 1, ""43"": 1, ""44"": 2, ""46"": 1, ""47"": 2, ""49"": 1, ""50"": 1, ""51"": 1, ""53"": 1, ""54"": 1, ""55"": 1, ""57"": 1, ""58"": 2, ""59"": 1, ""60"": 1, ""61"": 1}"
72,f2401_78,176,59,141,35,"{""0"": 12, ""1"": 13, ""2"": 13, ""3"": 10, ""4"": 13, ""5"": 13, ""6"": 13, ""7"": 13, ""8"": 13, ""9"": 12, ""10"": 1, ""12"": 1, ""13"": 1, ""14"": 1, ""15"": 1, ""16"": 1, ""17"": 1, ""18"": 1, ""19"": 1, ""20"": 1, ""21"": 1, ""22"": 1, ""23"": 1, ""24"": 1, ""25"": 1, ""26"": 1, ""27"": 1, ""28"": 1, ""29"": 1, ""30"": 1, ""31"": 1, ""32"": 1, ""33"": 1, ""34"": 1, ""35"": 1, ""36"": 1, ""37"": 1, ""38"": 1, ""39"": 1, ""40"": 1, ""41"": 1, ""42"": 1, ""43"": 1, ""46"": 1, ""47"": 3, ""48"": 1, ""49"": 1, ""50"": 1, ""51"": 1, ""52"": 1, ""53"": 1, ""54"": 1, ""55"": 1, ""56"": 1, ""57"": 1, ""58"": 1, ""59"": 1, ""60"": 1, ""61"": 1}"
73,f2431_93,150,55,120,30,"{""0"": 9, ""1"": 12, ""2"": 13, ""3"": 8, ""4"": 12, ""5"": 5, ""6"": 12, ""7"": 13, ""8"": 12, ""9"": 7, ""10"": 1, ""11"": 1, ""12"": 1, ""14"": 1, ""15"": 1, ""16"": 1, ""17"": 1, ""18"": 1, ""19"": 1, ""20"": 1, ""21"": 1, ""22"": 1, ""23"": 1, ""24"": 1, ""25"": 1, ""26"": 1, ""27"": 1, ""29"": 1, ""30"": 1, ""31"": 1, ""32"": 1, ""33"": 1, ""34"": 1, ""35"": 1, ""36"": 1, ""37"": 1, ""38"": 1, ""39"": 1, ""40"": 1, ""41"": 1, ""42"": 1, ""45"": 1, ""46"": 1, ""47"": 2, ""48"": 1, ""49"": 1, ""50"": 1, ""53"": 2, ""54"": 1, ""55"": 1, ""56"": 1, ""57"": 1, ""58"": 1, ""59"": 1, ""60"": 1}"
74,f2445_82,162,50,130,32,"{""0"": 10, ""1"": 15, ""2"": 12, ""3"": 13, ""4"": 11, ""5"": 10, ""6"": 11, ""7"": 12, ""8"": 13, ""9"": 11, ""10"": 1, ""11"": 1, ""12"": 1, ""13"": 1, ""15"": 1, ""16"": 1, ""17"": 1, ""18"": 2, ""21"": 1, ""22"": 1, ""26"": 1, ""27"": 1, ""29"": 1, ""30"": 1, ""33"": 1, ""35"": 1, ""36"": 1, ""37"": 1, ""38"": 1, ""39"": 1, ""40"": 1, ""41"": 1, ""42"": 1, ""43"": 1, ""45"": 2, ""46"": 1, ""47"": 3, ""48"": 1, ""49"": 1, ""50"": 1, ""52"": 1, ""53"": 1, ""54"": 1, ""55"": 1, ""56"": 1, ""57"": 1, ""58"": 1, ""59"": 1, ""60"": 1, ""61"": 1}"
75,f2482_62,170,52,136,34,"{""0"": 10, ""1"": 14, ""2"": 13, ""3"": 12, ""4"": 12, ""5"": 13, ""6"": 11, ""7"": 12, ""8"": 13, ""9"": 11, ""10"": 1, ""11"": 2, ""13"": 2, ""14"": 1, ""15"": 1, ""16"": 1, ""18"": 2, ""19"": 1, ""21"": 1, ""22"": 1, ""23"": 1, ""25"": 1, ""26"": 1, ""28"": 1, ""29"": 1, ""30"": 1, ""32"": 1, ""34"": 2, ""35"": 1, ""36"": 1, ""37"": 1, ""38"": 1, ""39"": 2, ""40"": 1, ""41"": 1, ""43"": 1, ""46"": 1, ""47"": 2, ""48"": 1, ""49"": 1, ""50"": 1, ""51"": 1, ""52"": 2, ""53"": 1, ""54"": 1, ""55"": 1, ""56"": 1, ""57"": 1, ""58"": 1, ""59"": 1, ""60"": 1, ""61"": 1}"
76,f2503_57,170,54,136,34,"{""0"": 11, ""1"": 15, ""2"": 13, ""3"": 13, ""4"": 14, ""5"": 11, ""6"": 13, ""7"": 11, ""8"": 11, ""9"": 10, ""10"": 1, ""11"": 1, ""12"": 1, ""13"": 1, ""14"": 1, ""16"": 1, ""17"": 1, ""18"": 2, ""21"": 1, ""22"": 1, ""23"": 1, ""24"": 1, ""25"": 1, ""26"": 1, ""27"": 1, ""28"": 1, ""29"": 2, ""30"": 1, ""31"": 1, ""32"": 1, ""33"": 1, ""35"": 1, ""37"": 1, ""38"": 1, ""39"": 1, ""40"": 1, ""41"": 1, ""42"": 1, ""43"": 1, ""45"": 1, ""47"": 2, ""48"": 1, ""49"": 1, ""50"": 1, ""51"": 1, ""52"": 1, ""53"": 2, ""54"": 1, ""55"": 1, ""56"": 1, ""57"": 1, ""58"": 1, ""59"": 1, ""61"": 1}"
77,f2507_78,169,56,135,34,"{""0"": 10, ""1"": 13, ""2"": 12, ""3"": 12, ""4"": 11, ""5"": 11, ""6"": 12, ""7"": 13, ""8"": 13, ""9"": 12, ""10"": 1, ""11"": 1, ""13"": 1, ""14"": 1, ""15"": 1, ""16"": 1, ""17"": 1, ""18"": 2, ""19"": 1, ""20"": 1, ""21"": 1, ""23"": 1, ""24"": 1, ""25"": 1, ""26"": 1, ""28"": 1, ""29"": 1, ""30"": 1, ""31"": 1, ""33"": 1, ""34"": 2, ""35"": 1, ""36"": 1, ""37"": 1, ""38"": 1, ""39"": 1, ""40"": 1, ""41"": 1, ""42"": 2, ""43"": 1, ""44"": 2, ""46"": 1, ""47"": 1, ""48"": 1, ""49"": 1, ""50"": 1, ""51"": 1, ""53"": 1, ""54"": 1, ""55"": 1, ""56"": 1, ""57"": 1, ""58"": 1, ""59"": 1, ""60"": 1, ""61"": 1}"
78,f2541_99,173,57,138,35,"{""0"": 13, ""1"": 13, ""2"": 12, ""3"": 13, ""4"": 14, ""5"": 13, ""6"": 11, ""7"": 14, ""8"": 12, ""9"": 11, ""10"": 1, ""11"": 1, ""12"": 1, ""13"": 1, ""14"": 1, ""15"": 1, ""17"": 1, ""19"": 1, ""20"": 1, ""21"": 1, ""22"": 1, ""23"": 1, ""24"": 1, ""25"": 1, ""26"": 1, ""27"": 1, ""28"": 1, ""29"": 1, ""30"": 1, ""32"": 1, ""33"": 1, ""34"": 1, ""35"": 1, ""36"": 1, ""37"": 1, ""38"": 1, ""39"": 1, ""40"": 1, ""41"": 1, ""42"": 1, ""43"": 1, ""44"": 1, ""45"": 1, ""46"": 1, ""47"": 1, ""49"": 1, ""50"": 1, ""51"": 1, ""52"": 1, ""53"": 1, ""54"": 1, ""55"": 1, ""57"": 1, ""58"": 1, ""59"": 1, ""60"": 1, ""61"": 1}"
79,f2593_72,167,60,134,33,"{""0"": 9, ""1"": 17, ""2"": 11, ""3"": 10, ""4"": 11, ""5"": 12, ""6"": 11, ""7"": 13, ""8"": 12, ""9"": 10, ""10"": 1, ""11"": 1, ""12"": 1, ""13"": 1, ""14"": 1, ""15"": 1, ""16"": 1, ""17"": 1, ""18"": 1, ""19"": 1, ""20"": 1, ""21"": 1, ""22"": 1, ""23"": 1, ""24"": 1, ""25"": 1, ""26"": 1, ""27"": 1, ""28"": 1, ""29"": 1, ""30"": 1, ""31"": 1, ""32"": 1, ""33"": 1, ""34"": 1, ""35"": 1, ""36"": 1, ""37"": 1, ""38"": 1, ""39"": 1, ""40"": 1, ""41"": 1, ""42"": 1, ""43"": 1, ""46"": 1, ""47"": 2, ""48"": 1, ""49"": 1, ""50"": 1, ""51"": 1, ""52"": 1, ""53"": 1, ""54"": 1, ""55"": 1, ""56"": 1, ""57"": 1, ""58"": 1, ""59"": 1, ""60"": 1, ""61"": 1}"
80,f3166_12,174,58,139,35,"{""0"": 13, ""1"": 13, ""2"": 7, ""3"": 12, ""4"": 13, ""5"": 12, ""6"": 12, ""7"": 13, ""8"": 13, ""9"": 13, ""10"": 1, ""11"": 1, ""12"": 1, ""13"": 1, ""14"": 1, ""15"": 1, ""16"": 1, ""18"": 4, ""19"": 1, ""21"": 1, ""22"": 1, ""23"": 1, ""24"": 1, ""26"": 1, ""27"": 1, ""28"": 1, ""29"": 1, ""30"": 1, ""31"": 1, ""32"": 1, ""33"": 1, ""34"": 2, ""35"": 1, ""36"": 1, ""37"": 1, ""38"": 1, ""39"": 1, ""40"": 1, ""41"": 1, ""42"": 1, ""43"": 1, ""44"": 1, ""46"": 1, ""47"": 2, ""48"": 1, ""49"": 1, ""50"": 1, ""51"": 1, ""52"": 1, ""53"": 1, ""54"": 1, ""55"": 1, ""56"": 1, ""57"": 1, ""58"": 1, ""59"": 1, ""60"": 1, ""61"": 1}"
81,f3170_08,176,59,141,35,"{""0"": 11, ""1"": 13, ""2"": 11, ""3"": 13, ""4"": 13, ""5"": 12, ""6"": 13, ""7"": 13, ""8"": 11, ""9"": 13, ""10"": 1, ""11"": 1, ""12"": 1, ""13"": 2, ""14"": 1, ""15"": 1, ""16"": 1, ""17"": 1, ""18"": 2, ""19"": 1, ""20"": 1, ""21"": 1, ""22"": 1, ""23"": 1, ""24"": 1, ""26"": 1, ""27"": 1, ""28"": 1, ""29"": 1, ""30"": 1, ""31"": 1, ""32"": 1, ""33"": 1, ""34"": 1, ""35"": 1, ""36"": 2, ""37"": 1, ""38"": 1, ""40"": 1, ""41"": 1, ""42"": 1, ""43"": 1, ""45"": 1, ""46"": 1, ""47"": 2, ""48"": 1, ""49"": 1, ""50"": 1, ""51"": 1, ""52"": 1, ""53"": 1, ""54"": 1, ""55"": 1, ""56"": 1, ""57"": 1, ""58"": 1, ""59"": 1, ""60"": 1, ""61"": 1}"
82,f3190_08,172,52,138,34,"{""0"": 11, ""1"": 15, ""2"": 12, ""3"": 11, ""4"": 12, ""5"": 13, ""6"": 13, ""7"": 13, ""8"": 10, ""9"": 11, ""10"": 1, ""11"": 1, ""12"": 1, ""13"": 1, ""16"": 1, ""17"": 1, ""18"": 1, ""19"": 1, ""20"": 1, ""21"": 2, ""22"": 1, ""23"": 1, ""24"": 1, ""25"": 1, ""26"": 1, ""27"": 1, ""28"": 1, ""29"": 1, ""30"": 1, ""31"": 2, ""32"": 1, ""34"": 1, ""35"": 1, ""36"": 2, ""38"": 1, ""40"": 1, ""41"": 1, ""42"": 1, ""43"": 2, ""45"": 2, ""46"": 1, ""47"": 3, ""48"": 1, ""49"": 1, ""50"": 1, ""51"": 2, ""53"": 1, ""54"": 1, ""55"": 1, ""57"": 2, ""58"": 1, ""59"": 1}"
83,f3279_28,178,59,142,36,"{""0"": 12, ""1"": 13, ""2"": 13, ""3"": 12, ""4"": 13, ""5"": 13, ""6"": 13, ""7"": 13, ""8"": 13, ""9"": 13, ""10"": 1, ""11"": 1, ""12"": 1, ""13"": 1, ""14"": 1, ""15"": 1, ""16"": 1, ""17"": 1, ""18"": 2, ""21"": 1, ""22"": 1, ""23"": 1, ""24"": 1, ""25"": 1, ""26"": 1, ""27"": 1, ""28"": 1, ""29"": 1, ""30"": 1, ""31"": 1, ""32"": 1, ""33"": 1, ""34"": 1, ""35"": 1, ""36"": 1, ""37"": 1, ""38"": 1, ""39"": 1, ""40"": 1, ""41"": 1, ""42"": 1, ""43"": 1, ""45"": 1, ""46"": 1, ""47"": 1, ""48"": 1, ""49"": 1, ""50"": 1, ""51"": 1, ""52"": 1, ""53"": 1, ""54"": 1, ""55"": 1, ""56"": 1, ""57"": 1, ""58"": 1, ""59"": 1, ""60"": 1, ""61"": 1}"
84,f3385_08,172,55,138,34,"{""0"": 9, ""1"": 13, ""2"": 11, ""3"": 13, ""4"": 12, ""5"": 13, ""6"": 12, ""7"": 13, ""8"": 12, ""9"": 12, ""10"": 1, ""11"": 1, ""12"": 2, ""13"": 1, ""14"": 1, ""15"": 1, ""17"": 1, ""18"": 2, ""19"": 1, ""20"": 1, ""21"": 1, ""22"": 1, ""23"": 1, ""24"": 1, ""25"": 1, ""26"": 1, ""27"": 1, ""28"": 1, ""30"": 1, ""31"": 1, ""32"": 1, ""33"": 1, ""34"": 1, ""35"": 1, ""36"": 1, ""37"": 1, ""38"": 1, ""39"": 1, ""40"": 1, ""41"": 2, ""43"": 1, ""46"": 1, ""47"": 3, ""48"": 1, ""49"": 1, ""50"": 1, ""51"": 1, ""52"": 2, ""53"": 1, ""54"": 1, ""56"": 2, ""57"": 1, ""58"": 1, ""59"": 1, ""61"": 1}"
85,f3410_19,176,57,141,35,"{""0"": 13, ""1"": 13, ""2"": 13, ""3"": 13, ""4"": 13, ""5"": 12, ""6"": 13, ""7"": 13, ""8"": 10, ""9"": 11, ""10"": 1, ""11"": 1, ""12"": 1, ""13"": 1, ""14"": 1, ""15"": 1, ""16"": 2, ""18"": 1, ""19"": 1, ""20"": 1, ""21"": 2, ""22"": 1, ""23"": 1, ""24"": 1, ""25"": 1, ""27"": 1, ""28"": 1, ""29"": 1, ""30"": 1, ""31"": 1, ""32"": 1, ""33"": 1, ""34"": 1, ""35"": 1, ""36"": 1, ""37"": 1, ""38"": 1, ""39"": 1, ""40"": 1, ""41"": 1, ""42"": 1, ""44"": 3, ""46"": 1, ""48"": 1, ""49"": 1, ""50"": 1, ""51"": 1, ""52"": 1, ""53"": 1, ""54"": 1, ""55"": 1, ""56"": 2, ""57"": 1, ""58"": 1, ""59"": 1, ""60"": 1, ""61"": 1}"
86,f3500_08,177,57,142,35,"{""0"": 12, ""1"": 13, ""2"": 11, ""3"": 12, ""4"": 13, ""5"": 12, ""6"": 13, ""7"": 12, ""8"": 13, ""9"": 13, ""10"": 1, ""11"": 1, ""12"": 1, ""13"": 1, ""14"": 1, ""15"": 1, ""16"": 1, ""17"": 1, ""18"": 3, ""19"": 1, ""20"": 1, ""21"": 1, ""22"": 1, ""23"": 1, ""24"": 1, ""25"": 2, ""26"": 1, ""28"": 1, ""30"": 1, ""31"": 1, ""32"": 1, ""33"": 1, ""34"": 1, ""35"": 1, ""36"": 1, ""37"": 1, ""38"": 1, ""39"": 1, ""40"": 1, ""41"": 1, ""43"": 1, ""45"": 1, ""46"": 1, ""47"": 2, ""48"": 1, ""49"": 1, ""51"": 1, ""52"": 2, ""53"": 1, ""54"": 1, ""55"": 1, ""56"": 2, ""57"": 1, ""58"": 1, ""59"": 1, ""60"": 1, ""61"": 1}"
87,f3531_27,166,51,133,33,"{""0"": 12, ""1"": 13, ""2"": 11, ""3"": 13, ""4"": 10, ""5"": 12, ""6"": 10, ""7"": 13, ""8"": 11, ""9"": 11, ""10"": 1, ""11"": 1, ""12"": 1, ""13"": 1, ""14"": 1, ""16"": 1, ""18"": 5, ""19"": 1, ""21"": 1, ""22"": 1, ""23"": 1, ""24"": 1, ""25"": 1, ""27"": 1, ""28"": 1, ""29"": 1, ""30"": 2, ""31"": 1, ""33"": 1, ""34"": 2, ""35"": 1, ""36"": 1, ""38"": 1, ""40"": 1, ""42"": 1, ""43"": 1, ""44"": 2, ""47"": 2, ""48"": 1, ""49"": 1, ""50"": 1, ""51"": 1, ""52"": 1, ""53"": 1, ""54"": 1, ""55"": 2, ""56"": 1, ""58"": 1, ""59"": 1, ""60"": 1, ""61"": 1}"
88,f3570_15,170,58,136,34,"{""0"": 10, ""1"": 13, ""2"": 13, ""3"": 13, ""4"": 12, ""5"": 11, ""6"": 12, ""7"": 13, ""8"": 10, ""9"": 12, ""10"": 1, ""11"": 1, ""12"": 1, ""13"": 1, ""14"": 1, ""16"": 1, ""17"": 1, ""18"": 1, ""19"": 1, ""20"": 1, ""21"": 1, ""22"": 1, ""23"": 1, ""24"": 1, ""25"": 1, ""26"": 1, ""27"": 1, ""28"": 1, ""29"": 2, ""30"": 1, ""31"": 1, ""32"": 1, ""33"": 1, ""34"": 1, ""35"": 1, ""36"": 1, ""37"": 1, ""38"": 1, ""39"": 1, ""40"": 1, ""41"": 1, ""43"": 1, ""44"": 1, ""46"": 1, ""47"": 2, ""48"": 1, ""49"": 1, ""50"": 1, ""51"": 1, ""52"": 2, ""53"": 1, ""54"": 1, ""55"": 1, ""56"": 1, ""57"": 1, ""59"": 1, ""60"": 1, ""61"": 1}"
89,f3624_44,170,57,136,34,"{""0"": 12, ""1"": 14, ""2"": 13, ""3"": 12, ""4"": 13, ""5"": 12, ""6"": 12, ""7"": 12, ""8"": 12, ""9"": 10, ""10"": 1, ""11"": 1, ""12"": 1, ""13"": 1, ""14"": 1, ""15"": 1, ""16"": 1, ""17"": 1, ""18"": 1, ""19"": 1, ""20"": 1, ""21"": 1, ""22"": 1, ""23"": 1, ""24"": 1, ""25"": 1, ""26"": 1, ""27"": 1, ""28"": 1, ""29"": 1, ""30"": 1, ""31"": 1, ""32"": 1, ""33"": 1, ""34"": 1, ""35"": 1, ""36"": 1, ""37"": 1, ""38"": 1, ""39"": 1, ""40"": 1, ""41"": 1, ""42"": 1, ""43"": 1, ""44"": 1, ""46"": 1, ""49"": 1, ""50"": 1, ""53"": 2, ""54"": 1, ""55"": 1, ""56"": 1, ""57"": 1, ""58"": 1, ""59"": 1, ""60"": 1, ""61"": 1}"
90,f3645_14,153,50,122,31,"{""0"": 10, ""1"": 12, ""2"": 11, ""3"": 11, ""4"": 11, ""5"": 8, ""6"": 11, ""7"": 13, ""8"": 13, ""9"": 13, ""10"": 1, ""11"": 1, ""13"": 1, ""14"": 1, ""15"": 1, ""16"": 1, ""17"": 1, ""18"": 1, ""20"": 1, ""21"": 1, ""22"": 1, ""26"": 1, ""27"": 1, ""28"": 1, ""29"": 1, ""31"": 1, ""33"": 1, ""35"": 1, ""36"": 1, ""37"": 1, ""39"": 1, ""40"": 1, ""41"": 1, ""42"": 1, ""43"": 1, ""44"": 1, ""46"": 1, ""48"": 1, ""49"": 1, ""50"": 1, ""51"": 1, ""52"": 1, ""53"": 1, ""54"": 1, ""55"": 1, ""56"": 1, ""57"": 1, ""58"": 1, ""59"": 1, ""61"": 1}"
91,f3753_43,177,58,142,35,"{""0"": 12, ""1"": 13, ""2"": 13, ""3"": 12, ""4"": 13, ""5"": 13, ""6"": 11, ""7"": 13, ""8"": 13, ""9"": 13, ""10"": 1, ""11"": 1, ""12"": 1, ""13"": 1, ""14"": 1, ""15"": 1, ""16"": 1, ""17"": 1, ""18"": 1, ""19"": 1, ""20"": 1, ""21"": 1, ""22"": 1, ""23"": 1, ""24"": 1, ""25"": 1, ""26"": 1, ""27"": 1, ""28"": 1, ""29"": 1, ""30"": 1, ""31"": 1, ""32"": 1, ""33"": 1, ""34"": 1, ""35"": 1, ""37"": 1, ""38"": 1, ""39"": 1, ""40"": 1, ""41"": 1, ""43"": 2, ""44"": 2, ""47"": 2, ""48"": 1, ""49"": 1, ""50"": 1, ""51"": 1, ""52"": 1, ""53"": 1, ""54"": 1, ""55"": 1, ""56"": 1, ""57"": 1, ""58"": 1, ""59"": 1, ""60"": 1, ""61"": 1}"
92,f3774_21,171,59,137,34,"{""0"": 13, ""1"": 13, ""2"": 11, ""3"": 12, ""4"": 13, ""5"": 9, ""6"": 12, ""7"": 12, ""8"": 12, ""9"": 13, ""10"": 1, ""11"": 1, ""12"": 1, ""13"": 1, ""15"": 1, ""16"": 1, ""17"": 1, ""18"": 1, ""19"": 1, ""20"": 1, ""21"": 1, ""22"": 1, ""23"": 1, ""24"": 1, ""25"": 1, ""26"": 1, ""27"": 1, ""28"": 1, ""29"": 1, ""30"": 1, ""31"": 1, ""32"": 1, ""33"": 1, ""34"": 1, ""35"": 1, ""36"": 1, ""37"": 1, ""38"": 1, ""39"": 1, ""40"": 1, ""41"": 1, ""43"": 1, ""44"": 1, ""46"": 1, ""47"": 2, ""48"": 1, ""49"": 1, ""50"": 1, ""51"": 1, ""52"": 2, ""53"": 1, ""54"": 1, ""55"": 1, ""56"": 1, ""57"": 1, ""58"": 1, ""59"": 1, ""60"": 1, ""61"": 1}"
93,f3811_12,180,61,144,36,"{""0"": 12, ""1"": 14, ""2"": 12, ""3"": 13, ""4"": 12, ""5"": 13, ""6"": 13, ""7"": 13, ""8"": 13, ""9"": 13, ""10"": 1, ""11"": 1, ""12"": 1, ""13"": 1, ""14"": 1, ""15"": 1, ""16"": 1, ""17"": 1, ""18"": 1, ""19"": 1, ""20"": 1, ""21"": 1, ""22"": 1, ""23"": 1, ""24"": 1, ""25"": 1, ""26"": 1, ""27"": 1, ""28"": 1, ""29"": 1, ""30"": 1, ""31"": 1, ""32"": 1, ""33"": 1, ""34"": 1, ""35"": 1, ""36"": 1, ""37"": 1, ""38"": 1, ""39"": 1, ""40"": 1, ""41"": 1, ""42"": 1, ""43"": 1, ""44"": 2, ""45"": 1, ""46"": 1, ""48"": 1, ""49"": 1, ""50"": 1, ""51"": 1, ""52"": 1, ""53"": 1, ""54"": 1, ""55"": 1, ""56"": 1, ""57"": 1, ""58"": 1, ""59"": 1, ""60"": 1, ""61"": 1}"
94,f3819_19,147,47,118,29,"{""0"": 10, ""1"": 12, ""2"": 11, ""3"": 10, ""4"": 13, ""5"": 7, ""6"": 13, ""7"": 12, ""8"": 9, ""9"": 11, ""10"": 1, ""11"": 1, ""13"": 1, ""14"": 1, ""15"": 1, ""16"": 1, ""17"": 1, ""18"": 1, ""19"": 1, ""20"": 1, ""21"": 1, ""23"": 2, ""24"": 1, ""25"": 1, ""26"": 1, ""27"": 1, ""29"": 1, ""30"": 1, ""31"": 1, ""32"": 1, ""34"": 1, ""35"": 1, ""36"": 2, ""37"": 1, ""38"": 1, ""39"": 1, ""40"": 1, ""41"": 1, ""46"": 1, ""47"": 1, ""48"": 1, ""50"": 1, ""51"": 1, ""53"": 1, ""56"": 1, ""57"": 1, ""61"": 1}"
95,f3884_40,170,56,136,34,"{""0"": 12, ""1"": 13, ""2"": 13, ""3"": 13, ""4"": 11, ""5"": 11, ""6"": 11, ""7"": 13, ""8"": 12, ""9"": 13, ""10"": 1, ""11"": 1, ""12"": 1, ""13"": 1, ""15"": 1, ""16"": 1, ""17"": 1, ""18"": 2, ""19"": 1, ""21"": 1, ""22"": 1, ""23"": 1, ""24"": 1, ""25"": 1, ""26"": 1, ""27"": 1, ""28"": 1, ""29"": 1, ""30"": 1, ""31"": 1, ""32"": 1, ""34"": 1, ""35"": 1, ""36"": 1, ""37"": 1, ""38"": 1, ""39"": 1, ""40"": 1, ""41"": 1, ""43"": 1, ""44"": 1, ""45"": 1, ""46"": 1, ""47"": 1, ""50"": 1, ""51"": 1, ""52"": 2, ""53"": 1, ""54"": 1, ""55"": 1, ""56"": 1, ""57"": 1, ""58"": 1, ""59"": 1, ""60"": 1, ""61"": 1}"
96,f3910_30,168,57,134,34,"{""0"": 9, ""1"": 15, ""2"": 12, ""3"": 12, ""4"": 11, ""5"": 12, ""6"": 11, ""7"": 13, ""8"": 11, ""9"": 11, ""10"": 1, ""11"": 1, ""12"": 1, ""13"": 1, ""14"": 1, ""15"": 1, ""16"": 1, ""18"": 2, ""19"": 1, ""20"": 1, ""21"": 1, ""22"": 1, ""23"": 1, ""24"": 1, ""25"": 1, ""26"": 1, ""27"": 1, ""28"": 1, ""29"": 1, ""30"": 1, ""31"": 1, ""32"": 1, ""33"": 1, ""34"": 1, ""35"": 1, ""36"": 1, ""37"": 1, ""38"": 1, ""39"": 1, ""40"": 2, ""41"": 1, ""43"": 1, ""47"": 2, ""48"": 1, ""49"": 1, ""50"": 1, ""51"": 1, ""52"": 2, ""53"": 1, ""54"": 1, ""55"": 1, ""56"": 1, ""57"": 1, ""58"": 1, ""59"": 1, ""60"": 1, ""61"": 1}"
97,f3961_03,168,55,134,34,"{""0"": 13, ""1"": 13, ""2"": 12, ""3"": 13, ""4"": 12, ""5"": 9, ""6"": 12, ""7"": 13, ""8"": 12, ""9"": 13, ""11"": 1, ""12"": 1, ""13"": 1, ""14"": 1, ""17"": 1, ""18"": 1, ""19"": 1, ""20"": 1, ""21"": 1, ""22"": 1, ""23"": 1, ""24"": 1, ""25"": 1, ""26"": 1, ""27"": 1, ""28"": 1, ""29"": 2, ""30"": 1, ""31"": 1, ""32"": 1, ""33"": 1, ""34"": 1, ""35"": 1, ""36"": 1, ""37"": 1, ""39"": 1, ""40"": 1, ""41"": 1, ""42"": 1, ""43"": 1, ""44"": 1, ""45"": 1, ""47"": 1, ""48"": 1, ""49"": 1, ""50"": 1, ""51"": 1, ""52"": 1, ""53"": 1, ""54"": 1, ""55"": 1, ""56"": 1, ""57"": 1, ""58"": 1, ""59"": 1}"
98,f4038_15,165,47,132,33,"{""0"": 12, ""1"": 13, ""2"": 13, ""3"": 13, ""4"": 13, ""5"": 12, ""6"": 13, ""7"": 13, ""8"": 12, ""9"": 13, ""10"": 1, ""11"": 1, ""12"": 1, ""13"": 1, ""14"": 1, ""15"": 1, ""16"": 1, ""17"": 1, ""18"": 1, ""19"": 1, ""20"": 1, ""21"": 1, ""22"": 1, ""23"": 1, ""24"": 1, ""25"": 1, ""26"": 1, ""27"": 1, ""28"": 1, ""29"": 1, ""30"": 1, ""31"": 1, ""32"": 1, ""33"": 1, ""34"": 1, ""35"": 1, ""36"": 1, ""39"": 1, ""40"": 1, ""43"": 1, ""49"": 1, ""51"": 1, ""53"": 1, ""55"": 1, ""56"": 2, ""58"": 1, ""59"": 1}"
99,f4091_23,162,52,130,32,"{""0"": 11, ""1"": 13, ""2"": 11, ""3"": 10, ""4"": 13, ""5"": 11, ""6"": 13, ""7"": 13, ""8"": 13, ""9"": 12, ""10"": 1, ""12"": 1, ""13"": 1, ""14"": 1, ""16"": 1, ""17"": 1, ""18"": 1, ""19"": 1, ""20"": 1, ""21"": 1, ""23"": 1, ""24"": 1, ""25"": 1, ""26"": 1, ""27"": 1, ""28"": 1, ""29"": 1, ""30"": 1, ""31"": 1, ""32"": 1, ""33"": 1, ""34"": 1, ""35"": 1, ""36"": 1, ""37"": 1, ""38"": 1, ""40"": 1, ""41"": 1, ""44"": 1, ""47"": 1, ""49"": 1, ""50"": 1, ""51"": 1, ""52"": 1, ""53"": 1, ""54"": 1, ""55"": 1, ""56"": 1, ""57"": 1, ""58"": 1, ""59"": 1, ""61"": 1}"
