client_index,quantity_group,writer_id,total_samples,n_classes,train_samples,test_samples,label_histogram
0,large,f0008_45,418,62,334,84,"{""0"": 13, ""1"": 13, ""2"": 11, ""3"": 13, ""4"": 12, ""5"": 8, ""6"": 12, ""7"": 13, ""8"": 11, ""9"": 10, ""10"": 2, ""11"": 1, ""12"": 7, ""13"": 2, ""14"": 1, ""15"": 8, ""16"": 1, ""17"": 1, ""18"": 13, ""19"": 2, ""20"": 1, ""21"": 2, ""22"": 8, ""23"": 3, ""24"": 25, ""25"": 6, ""26"": 1, ""27"": 1, ""28"": 20, ""29"": 5, ""30"": 10, ""31"": 2, ""32"": 3, ""33"": 1, ""34"": 3, ""35"": 1, ""36"": 13, ""37"": 4, ""38"": 1, ""39"": 9, ""40"": 38, ""41"": 1, ""42"": 3, ""43"": 9, ""44"": 1, ""45"": 1, ""46"": 1, ""47"": 20, ""48"": 1, ""49"": 16, ""50"": 1, ""51"": 1, ""52"": 2, ""53"": 20, ""54"": 1, ""55"": 23, ""56"": 1, ""57"": 1, ""58"": 1, ""59"": 1, ""60"": 1, ""61"": 1}"
1,large,f0010_18,436,55,349,87,"{""0"": 12, ""1"": 12, ""2"": 13, ""3"": 13, ""4"": 13, ""5"": 13, ""6"": 12, ""7"": 13, ""8"": 13, ""9"": 12, ""10"": 15, ""11"": 5, ""12"": 7, ""13"": 11, ""14"": 39, ""15"": 10, ""16"": 1, ""17"": 8, ""18"": 11, ""19"": 2, ""21"": 10, ""22"": 8, ""23"": 17, ""24"": 26, ""25"": 7, ""27"": 21, ""28"": 22, ""29"": 23, ""30"": 12, ""31"": 1, ""32"": 3, ""33"": 1, ""34"": 3, ""35"": 1, ""36"": 1, ""38"": 1, ""39"": 1, ""40"": 1, ""41"": 1, ""42"": 1, ""43"": 1, ""44"": 2, ""46"": 1, ""47"": 17, ""48"": 1, ""49"": 1, ""50"": 1, ""51"": 2, ""53"": 1, ""55"": 8, ""57"": 1, ""58"": 1, ""59"": 1, ""60"": 1, ""61"": 1}"
2,large,f0011_13,425,59,340,85,"{""0"": 12, ""1"": 12, ""2"": 10, ""3"": 13, ""4"": 10, ""5"": 12, ""6"": 11, ""7"": 13, ""8"": 10, ""9"": 11, ""10"": 13, ""11"": 5, ""12"": 10, ""13"": 10, ""14"": 35, ""15"": 9, ""17"": 8, ""18"": 8, ""19"": 2, ""21"": 8, ""22"": 8, ""23"": 18, ""24"": 26, ""25"": 8, ""26"": 1, ""27"": 21, ""28"": 22, ""29"": 28, ""30"": 10, ""31"": 4, ""32"": 3, ""33"": 1, ""34"": 4, ""35"": 1, ""36"": 1, ""37"": 1, ""38"": 1, ""39"": 1, ""40"": 1, ""41"": 1, ""42"": 1, ""43"": 1, ""44"": 1, ""45"": 1, ""46"": 1, ""47"": 21, ""49"": 1, ""50"": 1, ""51"": 1, ""52"": 1, ""53"": 2, ""54"": 1, ""55"": 3, ""56"": 1, ""57"": 1, ""58"": 1, ""59"": 1, ""60"": 1, ""61"": 1}"
3,large,f0017_07,424,61,339,85,"{""0"": 13, ""1"": 14, ""2"": 12, ""3"": 13, ""4"": 11, ""5"": 11, ""6"": 12, ""7"": 12, ""8"": 13, ""9"": 11, ""10"": 2, ""11"": 2, ""12"": 9, ""13"": 2, ""14"": 1, ""15"": 10, ""16"": 1, ""17"": 1, ""18"": 9, ""19"": 3, ""20"": 1, ""21"": 2, ""22"": 6, ""23"": 3, ""24"": 25, ""25"": 7, ""26"": 1, ""27"": 1, ""28"": 22, ""29"": 5, ""30"": 12, ""31"": 4, ""32"": 2, ""33"": 1, ""34"": 4, ""35"": 1, ""36"": 14, ""37"": 3, ""38"": 1, ""39"": 11, ""40"": 38, ""41"": 1, ""42"": 2, ""43"": 11, ""44"": 2, ""45"": 1, ""46"": 1, ""47"": 10, ""48"": 1, ""49"": 13, ""50"": 1, ""51"": 1, ""52"": 2, ""53"": 19, ""54"": 1, ""55"": 26, ""56"": 2, ""57"": 1, ""59"": 1, ""60"": 1, ""61"": 1}"
4,large,f0023_08,418,59,334,84,"{""0"": 13, ""1"": 12, ""2"": 12, ""3"": 12, ""4"": 13, ""5"": 10, ""6"": 12, ""7"": 12, ""8"": 10, ""9"": 12, ""10"": 1, ""11"": 2, ""12"": 8, ""13"": 1, ""14"": 1, ""15"": 10, ""16"": 1, ""17"": 1, ""18"": 7, ""19"": 3, ""20"": 1, ""21"": 2, ""22"": 8, ""23"": 3, ""24"": 26, ""25"": 6, ""26"": 1, ""27"": 1, ""28"": 20, ""29"": 12, ""30"": 11, ""31"": 3, ""32"": 3, ""33"": 1, ""34"": 2, ""35"": 1, ""36"": 14, ""37"": 3, ""39"": 8, ""40"": 32, ""42"": 3, ""43"": 10, ""44"": 1, ""46"": 1, ""47"": 26, ""48"": 1, ""49"": 16, ""50"": 1, ""51"": 1, ""52"": 1, ""53"": 20, ""54"": 1, ""55"": 19, ""56"": 1, ""57"": 1, ""58"": 1, ""59"": 1, ""60"": 1, ""61"": 1}"
5,large,f0027_29,446,58,357,89,"{""0"": 13, ""1"": 13, ""2"": 13, ""3"": 12, ""4"": 11, ""5"": 12, ""6"": 13, ""7"": 13, ""8"": 12, ""9"": 13, ""10"": 13, ""11"": 2, ""12"": 8, ""13"": 3, ""14"": 3, ""15"": 10, ""17"": 3, ""18"": 17, ""19"": 1, ""20"": 1, ""21"": 3, ""22"": 8, ""23"": 7, ""24"": 26, ""25"": 7, ""27"": 17, ""28"": 22, ""29"": 13, ""30"": 11, ""31"": 4, ""32"": 3, ""33"": 1, ""34"": 3, ""35"": 1, ""36"": 4, ""37"": 4, ""39"": 10, ""40"": 38, ""41"": 1, ""42"": 3, ""43"": 10, ""44"": 2, ""45"": 1, ""46"": 1, ""47"": 19, ""48"": 1, ""49"": 8, ""50"": 2, ""51"": 1, ""52"": 2, ""53"": 3, ""54"": 1, ""55"": 18, ""56"": 1, ""58"": 1, ""59"": 1, ""60"": 1, ""61"": 1}"
6,large,f0035_19,416,59,333,83,"{""0"": 13, ""1"": 15, ""2"": 13, ""3"": 13, ""4"": 10, ""5"": 11, ""6"": 10, ""7"": 12, ""8"": 13, ""9"": 9, ""10"": 2, ""11"": 1, ""12"": 8, ""13"": 4, ""14"": 6, ""15"": 9, ""16"": 1, ""18"": 17, ""19"": 2, ""20"": 1, ""21"": 4, ""22"": 7, ""23"": 5, ""24"": 23, ""25"": 5, ""26"": 1, ""27"": 2, ""28"": 22, ""29"": 20, ""30"": 9, ""31"": 2, ""32"": 2, ""33"": 1, ""34"": 4, ""35"": 1, ""36"": 13, ""37"": 3, ""38"": 1, ""39"": 11, ""40"": 34, ""41"": 1, ""42"": 1, ""43"": 9, ""44"": 1, ""45"": 1, ""46"": 1, ""47"": 19, ""48"": 1, ""49"": 13, ""50"": 1, ""52"": 1, ""53"": 13, ""54"": 1, ""55"": 8, ""56"": 1, ""57"": 1, ""58"": 1, ""59"": 1, ""60"": 1}"
7,large,f0046_20,430,59,344,86,"{""0"": 13, ""1"": 13, ""2"": 13, ""3"": 13, ""4"": 10, ""5"": 13, ""6"": 12, ""7"": 13, ""8"": 13, ""9"": 13, ""10"": 2, ""11"": 1, ""12"": 8, ""13"": 2, ""14"": 1, ""15"": 10, ""18"": 8, ""19"": 2, ""20"": 1, ""21"": 2, ""22"": 8, ""23"": 3, ""24"": 26, ""25"": 6, ""26"": 1, ""28"": 20, ""29"": 7, ""30"": 11, ""31"": 3, ""32"": 3, ""33"": 1, ""34"": 2, ""35"": 1, ""36"": 13, ""37"": 4, ""38"": 2, ""39"": 11, ""40"": 36, ""41"": 1, ""42"": 3, ""43"": 14, ""44"": 1, ""45"": 1, ""46"": 1, ""47"": 23, ""48"": 1, ""49"": 12, ""50"": 1, ""51"": 1, ""52"": 2, ""53"": 19, ""54"": 1, ""55"": 22, ""56"": 1, ""57"": 1, ""58"": 1, ""59"": 1, ""60"": 1, ""61"": 1}"
8,small,f0048_00,131,47,105,26,"{""0"": 8, ""1"": 8, ""2"": 5, ""4"": 7, ""5"": 4, ""6"": 8, ""7"": 11, ""8"": 4, ""9"": 5, ""10"": 1, ""12"": 2, ""13"": 1, ""14"": 1, ""16"": 1, ""17"": 1, ""18"": 7, ""19"": 1, ""20"": 1, ""21"": 1, ""24"": 2, ""25"": 1, ""26"": 1, ""28"": 7, ""29"": 4, ""30"": 1, ""31"": 1, ""32"": 1, ""33"": 1, ""34"": 1, ""35"": 1, ""36"": 3, ""37"": 1, ""39"": 1, ""41"": 1, ""43"": 5, ""44"": 1, ""45"": 1, ""47"": 3, ""49"": 3, ""50"": 1, ""51"": 1, ""53"": 4, ""55"": 4, ""56"": 1, ""57"": 1, ""58"": 1, ""59"": 1}"
9,large,f0054_14,428,60,342,86,"{""0"": 12, ""1"": 13, ""2"": 12, ""3"": 12, ""4"": 12, ""5"": 12, ""6"": 13, ""7"": 12, ""8"": 12, ""9"": 13, ""10"": 6, ""11"": 1, ""12"": 9, ""13"": 2, ""14"": 1, ""15"": 9, ""16"": 1, ""17"": 1, ""18"": 20, ""19"": 2, ""20"": 1, ""21"": 2, ""22"": 7, ""23"": 3, ""24"": 25, ""25"": 6, ""26"": 1, ""28"": 22, ""29"": 5, ""30"": 11, ""31"": 3, ""32"": 3, ""33"": 1, ""34"": 4, ""36"": 9, ""37"": 4, ""38"": 1, ""39"": 10, ""40"": 36, ""41"": 1, ""42"": 3, ""43"": 9, ""44"": 1, ""45"": 1, ""46"": 1, ""47"": 8, ""48"": 1, ""49"": 17, ""50"": 1, ""51"": 1, ""52"": 2, ""53"": 20, ""54"": 1, ""55"": 26, ""56"": 1, ""57"": 1, ""58"": 1, ""59"": 1, ""60"": 1, ""61"": 1}"
10,large,f0066_37,428,62,342,86,"{""0"": 13, ""1"": 12, ""2"": 12, ""3"": 13, ""4"": 13, ""5"": 12, ""6"": 13, ""7"": 13, ""8"": 13, ""9"": 11, ""10"": 15, ""11"": 5, ""12"": 10, ""13"": 12, ""14"": 34, ""15"": 8, ""16"": 1, ""17"": 9, ""18"": 10, ""19"": 2, ""20"": 1, ""21"": 10, ""22"": 8, ""23"": 17, ""24"": 25, ""25"": 6, ""26"": 1, ""27"": 20, ""28"": 22, ""29"": 25, ""30"": 10, ""31"": 3, ""32"": 3, ""33"": 1, ""34"": 4, ""35"": 1, ""36"": 1, ""37"": 1, ""38"": 1, ""39"": 1, ""40"": 1, ""41"": 1, ""42"": 1, ""43"": 1, ""44"": 1, ""45"": 1, ""46"": 1, ""47"": 11, ""48"": 1, ""49"": 1, ""50"": 1, ""51"": 1, ""52"": 1, ""53"": 1, ""54"": 1, ""55"": 5, ""56"": 1, ""57"": 1, ""58"": 1, ""59"": 1, ""60"": 1, ""61"": 1}"
11,large,f0070_14,433,62,346,87,"{""0"": 13, ""1"": 13, ""2"": 11, ""3"": 13, ""4"": 13, ""5"": 12, ""6"": 12, ""7"": 12, ""8"": 11, ""9"": 13, ""10"": 2, ""11"": 2, ""12"": 7, ""13"": 2, ""14"": 1, ""15"": 9, ""16"": 1, ""17"": 1, ""18"": 14, ""19"": 2, ""20"": 1, ""21"": 2, ""22"": 8, ""23"": 2, ""24"": 26, ""25"": 7, ""26"": 1, ""27"": 1, ""28"": 22, ""29"": 7, ""30"": 11, ""31"": 2, ""32"": 2, ""33"": 1, ""34"": 4, ""35"": 1, ""36"": 13, ""37"": 4, ""38"": 2, ""39"": 10, ""40"": 38, ""41"": 1, ""42"": 3, ""43"": 8, ""44"": 1, ""45"": 1, ""46"": 1, ""47"": 20, ""48"": 1, ""49"": 16, ""50"": 1, ""51"": 1, ""52"": 2, ""53"": 21, ""54"": 1, ""55"": 20, ""56"": 1, ""57"": 1, ""58"": 1, ""59"": 1, ""60"": 1, ""61"": 1}"
12,large,f0099_18,423,58,338,85,"{""0"": 12, ""1"": 12, ""2"": 13, ""3"": 12, ""4"": 12, ""5"": 13, ""6"": 13, ""7"": 13, ""8"": 13, ""9"": 12, ""10"": 2, ""12"": 8, ""13"": 1, ""14"": 1, ""15"": 9, ""16"": 1, ""17"": 2, ""18"": 17, ""19"": 3, ""20"": 1, ""21"": 2, ""22"": 6, ""23"": 5, ""24"": 26, ""25"": 7, ""26"": 1, ""27"": 1, ""28"": 20, ""29"": 6, ""30"": 10, ""31"": 3, ""32"": 3, ""33"": 1, ""34"": 4, ""36"": 13, ""37"": 4, ""38"": 1, ""39"": 11, ""40"": 31, ""41"": 1, ""42"": 2, ""43"": 9, ""44"": 1, ""45"": 1, ""46"": 1, ""47"": 15, ""48"": 1, ""49"": 13, ""50"": 1, ""52"": 3, ""53"": 20, ""54"": 1, ""55"": 24, ""56"": 1, ""57"": 1, ""58"": 1, ""59"": 1, ""61"": 1}"
13,large,f0102_31,416,59,333,83,"{""0"": 13, ""1"": 13, ""2"": 13, ""3"": 13, ""4"": 13, ""5"": 13, ""6"": 13, ""7"": 12, ""8"": 11, ""9"": 13, ""10"": 2, ""11"": 2, ""12"": 8, ""13"": 1, ""14"": 1, ""15"": 10, ""16"": 1, ""17"": 1, ""18"": 12, ""19"": 2, ""20"": 1, ""21"": 3, ""22"": 7, ""23"": 4, ""24"": 24, ""25"": 7, ""26"": 1, ""27"": 1, ""28"": 21, ""29"": 4, ""30"": 11, ""31"": 3, ""32"": 1, ""33"": 1, ""34"": 3, ""35"": 1, ""36"": 14, ""37"": 3, ""38"": 1, ""39"": 10, ""40"": 35, ""43"": 9, ""44"": 1, ""45"": 1, ""46"": 1, ""47"": 15, ""48"": 1, ""49"": 12, ""50"": 1, ""51"": 1, ""52"": 2, ""53"": 20, ""54"": 1, ""55"": 23, ""56"": 1, ""57"": 1, ""59"": 1, ""60"": 1, ""61"": 1}"
14,large,f0110_48,426,61,341,85,"{""0"": 13, ""1"": 11, ""2"": 11, ""3"": 10, ""4"": 12, ""5"": 11, ""6"": 11, ""7"": 11, ""8"": 13, ""9"": 13, ""10"": 2, ""11"": 2, ""12"": 8, ""13"": 3, ""14"": 1, ""15"": 7, ""16"": 1, ""17"": 1, ""18"": 10, ""19"": 2, ""20"": 1, ""21"": 2, ""22"": 8, ""23"": 3, ""24"": 25, ""25"": 7, ""26"": 1, ""27"": 1, ""28"": 22, ""29"": 6, ""30"": 11, ""31"": 4, ""32"": 3, ""34"": 1, ""35"": 1, ""36"": 14, ""37"": 4, ""38"": 1, ""39"": 10, ""40"": 40, ""41"": 1, ""42"": 3, ""43"": 10, ""44"": 1, ""45"": 1, ""46"": 1, ""47"": 21, ""48"": 1, ""49"": 16, ""50"": 1, ""51"": 1, ""52"": 1, ""53"": 19, ""54"": 1, ""55"": 24, ""56"": 1, ""57"": 1, ""58"": 1, ""59"": 1, ""60"": 1, ""61"": 1}"
15,large,f0115_34,421,60,337,84,"{""0"": 13, ""1"": 12, ""2"": 11, ""3"": 13, ""4"": 12, ""5"": 9, ""6"": 10, ""7"": 13, ""8"": 13, ""9"": 10, ""10"": 15, ""11"": 5, ""12"": 8, ""13"": 12, ""14"": 36, ""15"": 9, ""16"": 1, ""17"": 10, ""18"": 7, ""19"": 2, ""20"": 1, ""21"": 9, ""22"": 7, ""23"": 18, ""24"": 26, ""25"": 7, ""26"": 1, ""27"": 18, ""28"": 21, ""29"": 24, ""30"": 12, ""31"": 1, ""32"": 3, ""33"": 1, ""34"": 4, ""37"": 2, ""38"": 1, ""39"": 1, ""40"": 1, ""41"": 1, ""42"": 1, ""43"": 1, ""44"": 1, ""45"": 1, ""46"": 1, ""47"": 16, ""48"": 1, ""49"": 1, ""50"": 1, ""51"": 1, ""52"": 1, ""53"": 1, ""54"": 1, ""55"": 7, ""56"": 1, ""57"": 1, ""58"": 1, ""59"": 1, ""60"": 1, ""61"": 1}"
16,large,f0119_44,437,61,350,87,"{""0"": 12, ""1"": 16, ""2"": 13, ""3"": 13, ""4"": 10, ""5"": 13, ""6"": 13, ""7"": 13, ""8"": 13, ""9"": 11, ""10"": 1, ""11"": 2, ""12"": 6, ""13"": 2, ""14"": 1, ""15"": 11, ""16"": 1, ""17"": 1, ""18"": 8, ""19"": 4, ""20"": 1, ""21"": 2, ""22"": 2, ""23"": 3, ""24"": 25, ""25"": 7, ""26"": 1, ""27"": 1, ""28"": 21, ""29"": 7, ""30"": 12, ""31"": 3, ""32"": 3, ""33"": 1, ""34"": 4, ""35"": 1, ""36"": 12, ""37"": 4, ""38"": 1, ""39"": 11, ""40"": 35, ""41"": 1, ""42"": 3, ""43"": 10, ""44"": 1, ""45"": 1, ""46"": 1, ""47"": 27, ""49"": 18, ""50"": 1, ""51"": 1, ""52"": 2, ""53"": 20, ""54"": 1, ""55"": 23, ""56"": 1, ""57"": 1, ""58"": 1, ""59"": 1, ""60"": 1, ""61"": 1}"
17,large,f0155_13,442,61,354,88,"{""0"": 13, ""1"": 13, ""2"": 12, ""3"": 13, ""4"": 13, ""5"": 12, ""6"": 12, ""7"": 13, ""8"": 13, ""9"": 13, ""10"": 2, ""11"": 2, ""12"": 8, ""13"": 2, ""14"": 1, ""15"": 9, ""16"": 1, ""17"": 1, ""18"": 8, ""19"": 2, ""20"": 1, ""21"": 2, ""22"": 8, ""23"": 4, ""24"": 26, ""25"": 7, ""27"": 1, ""28"": 18, ""29"": 26, ""30"": 12, ""31"": 2, ""32"": 3, ""33"": 1, ""34"": 3, ""35"": 1, ""36"": 11, ""37"": 4, ""38"": 1, ""39"": 11, ""40"": 39, ""41"": 1, ""42"": 5, ""43"": 10, ""44"": 1, ""45"": 1, ""46"": 1, ""47"": 27, ""48"": 1, ""49"": 15, ""50"": 1, ""51"": 1, ""52"": 3, ""53"": 21, ""54"": 1, ""55"": 3, ""56"": 1, ""57"": 1, ""58"": 1, ""59"": 1, ""60"": 1, ""61"": 1}"
18,large,f0164_32,430,60,344,86,"{""0"": 11, ""1"": 13, ""2"": 12, ""3"": 13, ""4"": 12, ""5"": 12, ""6"": 13, ""7"": 11, ""8"": 13, ""9"": 12, ""10"": 2, ""11"": 2, ""12"": 8, ""13"": 2, ""14"": 1, ""15"": 10, ""16"": 1, ""17"": 1, ""18"": 4, ""19"": 2, ""20"": 1, ""21"": 3, ""22"": 8, ""23"": 1, ""24"": 24, ""25"": 7, ""26"": 1, ""27"": 1, ""28"": 21, ""29"": 2, ""30"": 9, ""31"": 4, ""32"": 3, ""33"": 1, ""34"": 5, ""35"": 1, ""36"": 14, ""37"": 4, ""38"": 1, ""39"": 10, ""40"": 40, ""41"": 1, ""42"": 3, ""43"": 11, ""44"": 1, ""45"": 1, ""46"": 1, ""47"": 23, ""49"": 18, ""50"": 1, ""51"": 1, ""52"": 2, ""53"": 20, ""54"": 1, ""55"": 25, ""56"": 1, ""57"": 1, ""58"": 1, ""59"": 1, ""61"": 1}"
19,large,f0190_12,428,61,342,86,"{""0"": 13, ""1"": 11, ""2"": 12, ""3"": 13, ""4"": 12, ""5"": 11, ""6"": 13, ""7"": 13, ""8"": 13, ""9"": 12, ""10"": 3, ""11"": 1, ""12"": 8, ""13"": 2, ""14"": 1, ""15"": 4, ""17"": 1, ""18"": 12, ""19"": 2, ""20"": 1, ""21"": 1, ""22"": 8, ""23"": 4, ""24"": 25, ""25"": 7, ""26"": 1, ""27"": 2, ""28"": 22, ""29"": 11, ""30"": 11, ""31"": 3, ""32"": 2, ""33"": 1, ""34"": 4, ""35"": 1, ""36"": 12, ""37"": 4, ""38"": 1, ""39"": 10, ""40"": 36, ""41"": 1, ""42"": 2, ""43"": 12, ""44"": 1, ""45"": 1, ""46"": 1, ""47"": 22, ""48"": 1, ""49"": 14, ""50"": 1, ""51"": 1, ""52"": 3, ""53"": 18, ""54"": 1, ""55"": 19, ""56"": 1, ""57"": 1, ""58"": 1, ""59"": 1, ""60"": 1, ""61"": 1}"
20,large,f0197_34,416,61,333,83,"{""0"": 12, ""1"": 13, ""2"": 13, ""3"": 13, ""4"": 13, ""5"": 11, ""6"": 12, ""7"": 13, ""8"": 12, ""9"": 12, ""10"": 3, ""11"": 2, ""12"": 9, ""13"": 2, ""14"": 1, ""15"": 8, ""16"": 1, ""17"": 1, ""18"": 6, ""19"": 2, ""20"": 1, ""21"": 2, ""22"": 11, ""23"": 3, ""24"": 26, ""25"": 7, ""26"": 1, ""27"": 2, ""28"": 20, ""29"": 5, ""30"": 11, ""31"": 3, ""32"": 3, ""33"": 1, ""34"": 3, ""35"": 1, ""36"": 10, ""37"": 4, ""38"": 1, ""39"": 10, ""40"": 27, ""41"": 1, ""42"": 3, ""43"": 9, ""44"": 1, ""45"": 1, ""46"": 1, ""47"": 24, ""48"": 1, ""49"": 12, ""50"": 1, ""52"": 2, ""53"": 20, ""54"": 1, ""55"": 22, ""56"": 1, ""57"": 1, ""58"": 1, ""59"": 1, ""60"": 1, ""61"": 1}"
21,large,f0199_01,433,61,346,87,"{""0"": 12, ""1"": 13, ""2"": 12, ""3"": 13, ""4"": 10, ""5"": 12, ""6"": 12, ""7"": 13, ""8"": 12, ""9"": 12, ""10"": 16, ""11"": 4, ""12"": 8, ""13"": 11, ""14"": 32, ""15"": 10, ""16"": 1, ""17"": 9, ""18"": 4, ""19"": 2, ""20"": 1, ""21"": 10, ""22"": 9, ""23"": 17, ""24"": 27, ""25"": 7, ""27"": 21, ""28"": 22, ""29"": 26, ""30"": 10, ""31"": 2, ""32"": 2, ""33"": 1, ""34"": 4, ""35"": 1, ""36"": 1, ""37"": 1, ""38"": 1, ""39"": 1, ""40"": 1, ""41"": 1, ""42"": 2, ""43"": 1, ""44"": 1, ""45"": 1, ""46"": 1, ""47"": 23, ""48"": 1, ""49"": 1, ""50"": 1, ""51"": 1, ""52"": 2, ""53"": 1, ""54"": 1, ""55"": 6, ""56"": 1, ""57"": 1, ""58"": 1, ""59"": 1, ""60"": 1, ""61"": 1}"
22,large,f0203_21,426,57,341,85,"{""0"": 12, ""1"": 12, ""2"": 13, ""3"": 12, ""4"": 12, ""5"": 12, ""6"": 13, ""7"": 13, ""8"": 12, ""9"": 12, ""10"": 1, ""11"": 2, ""12"": 8, ""13"": 2, ""14"": 1, ""15"": 9, ""17"": 1, ""18"": 11, ""19"": 1, ""20"": 1, ""21"": 9, ""22"": 8, ""23"": 3, ""24"": 27, ""25"": 6, ""27"": 1, ""28"": 22, ""29"": 5, ""30"": 11, ""31"": 1, ""32"": 3, ""33"": 1, ""34"": 3, ""35"": 1, ""36"": 14, ""37"": 4, ""38"": 1, ""39"": 10, ""40"": 36, ""41"": 1, ""42"": 2, ""43"": 11, ""44"": 1, ""46"": 1, ""47"": 14, ""48"": 1, ""49"": 14, ""51"": 1, ""52"": 2, ""53"": 20, ""54"": 1, ""55"": 26, ""56"": 1, ""57"": 1, ""58"": 1, ""59"": 1, ""61"": 1}"
23,large,f0246_12,423,59,338,85,"{""0"": 13, ""1"": 13, ""2"": 12, ""3"": 13, ""4"": 11, ""5"": 10, ""6"": 12, ""7"": 13, ""8"": 13, ""9"": 13, ""10"": 2, ""11"": 2, ""12"": 8, ""13"": 2, ""14"": 1, ""15"": 7, ""16"": 1, ""17"": 1, ""18"": 16, ""19"": 4, ""20"": 1, ""21"": 3, ""22"": 8, ""23"": 3, ""24"": 23, ""25"": 7, ""26"": 1, ""28"": 22, ""29"": 5, ""30"": 12, ""31"": 1, ""32"": 3, ""33"": 1, ""34"": 2, ""35"": 1, ""36"": 14, ""37"": 3, ""38"": 1, ""39"": 11, ""40"": 36, ""41"": 1, ""42"": 4, ""43"": 8, ""44"": 1, ""45"": 1, ""46"": 1, ""47"": 12, ""48"": 1, ""49"": 15, ""50"": 1, ""51"": 1, ""52"": 1, ""53"": 21, ""55"": 24, ""56"": 2, ""57"": 1, ""59"": 1, ""60"": 1, ""61"": 1}"
24,large,f0254_46,429,61,343,86,"{""0"": 11, ""1"": 13, ""2"": 13, ""3"": 13, ""4"": 13, ""5"": 13, ""6"": 13, ""7"": 11, ""8"": 13, ""9"": 12, ""10"": 2, ""11"": 2, ""12"": 7, ""13"": 2, ""14"": 1, ""15"": 6, ""16"": 1, ""17"": 1, ""18"": 10, ""19"": 2, ""20"": 1, ""21"": 1, ""22"": 7, ""23"": 3, ""24"": 23, ""25"": 7, ""26"": 1, ""27"": 1, ""28"": 22, ""29"": 5, ""30"": 12, ""31"": 1, ""32"": 3, ""33"": 1, ""34"": 2, ""35"": 1, ""36"": 12, ""37"": 4, ""38"": 1, ""39"": 11, ""40"": 36, ""42"": 3, ""43"": 10, ""44"": 1, ""45"": 1, ""46"": 1, ""47"": 24, ""48"": 1, ""49"": 14, ""50"": 1, ""51"": 1, ""52"": 2, ""53"": 20, ""54"": 1, ""55"": 29, ""56"": 1, ""57"": 1, ""58"": 1, ""59"": 1, ""60"": 1, ""61"": 1}"
25,large,f0255_48,418,59,334,84,"{""0"": 13, ""1"": 14, ""2"": 13, ""3"": 13, ""4"": 13, ""5"": 13, ""6"": 12, ""7"": 13, ""8"": 13, ""9"": 12, ""11"": 2, ""12"": 8, ""13"": 2, ""15"": 10, ""16"": 1, ""17"": 1, ""18"": 7, ""19"": 2, ""20"": 1, ""21"": 2, ""22"": 8, ""23"": 18, ""24"": 25, ""25"": 7, ""26"": 1, ""28"": 22, ""29"": 7, ""30"": 11, ""31"": 5, ""32"": 2, ""33"": 1, ""34"": 2, ""35"": 1, ""36"": 15, ""37"": 3, ""38"": 1, ""39"": 10, ""40"": 33, ""41"": 1, ""42"": 3, ""43"": 5, ""44"": 1, ""45"": 1, ""46"": 1, ""47"": 22, ""48"": 1, ""49"": 1, ""50"": 1, ""51"": 1, ""52"": 2, ""53"": 17, ""54"": 1, ""55"": 17, ""56"": 1, ""57"": 1, ""58"": 1, ""59"": 1, ""60"": 1, ""61"": 1}"
26,large,f0256_08,422,61,338,84,"{""0"": 13, ""1"": 13, ""2"": 11, ""3"": 13, ""4"": 13, ""5"": 10, ""6"": 12, ""7"": 13, ""8"": 12, ""9"": 12, ""10"": 2, ""11"": 2, ""12"": 6, ""13"": 1, ""14"": 2, ""15"": 9, ""16"": 1, ""17"": 1, ""18"": 9, ""19"": 2, ""20"": 1, ""21"": 3, ""22"": 8, ""23"": 8, ""24"": 25, ""25"": 7, ""26"": 1, ""27"": 1, ""28"": 22, ""29"": 2, ""30"": 10, ""31"": 4, ""32"": 3, ""33"": 1, ""34"": 2, ""36"": 12, ""37"": 4, ""38"": 1, ""39"": 9, ""40"": 38, ""41"": 1, ""42"": 3, ""43"": 12, ""44"": 1, ""45"": 1, ""46"": 1, ""47"": 17, ""48"": 1, ""49"": 9, ""50"": 1, ""51"": 1, ""52"": 2, ""53"": 21, ""54"": 1, ""55"": 25, ""56"": 1, ""57"": 1, ""58"": 1, ""59"": 1, ""60"": 1, ""61"": 1}"
27,large,f0261_06,583,61,466,117,"{""0"": 13, ""1"": 12, ""2"": 12, ""3"": 13, ""4"": 11, ""5"": 13, ""6"": 13, ""7"": 13, ""8"": 11, ""9"": 13, ""10"": 11, ""11"": 5, ""12"": 7, ""13"": 13, ""14"": 23, ""15"": 18, ""16"": 1, ""17"": 7, ""18"": 18, ""19"": 3, ""20"": 1, ""21"": 9, ""22"": 10, ""23"": 18, ""24"": 40, ""25"": 12, ""26"": 1, ""27"": 17, ""28"": 33, ""29"": 44, ""30"": 20, ""31"": 2, ""32"": 5, ""33"": 1, ""34"": 7, ""35"": 1, ""36"": 10, ""37"": 2, ""38"": 1, ""39"": 8, ""40"": 31, ""41"": 1, ""42"": 2, ""43"": 10, ""44"": 1, ""45"": 1, ""46"": 1, ""47"": 18, ""48"": 1, ""49"": 10, ""50"": 1, ""52"": 1, ""53"": 19, ""54"": 1, ""55"": 7, ""56"": 1, ""57"": 1, ""58"": 1, ""59"": 1, ""60"": 1, ""61"": 1}"
28,large,f0281_47,424,61,339,85,"{""0"": 13, ""1"": 12, ""2"": 12, ""3"": 13, ""4"": 12, ""5"": 12, ""6"": 13, ""7"": 13, ""8"": 13, ""9"": 13, ""10"": 2, ""11"": 2, ""12"": 8, ""13"": 2, ""14"": 1, ""15"": 10, ""16"": 1, ""17"": 1, ""18"": 12, ""19"": 2, ""20"": 1, ""21"": 7, ""22"": 7, ""23"": 4, ""24"": 26, ""25"": 6, ""26"": 1, ""27"": 1, ""28"": 22, ""29"": 28, ""30"": 14, ""31"": 1, ""32"": 3, ""33"": 1, ""34"": 4, ""35"": 1, ""36"": 10, ""37"": 4, ""38"": 1, ""39"": 11, ""40"": 32, ""41"": 1, ""42"": 3, ""43"": 10, ""44"": 1, ""45"": 1, ""46"": 1, ""47"": 9, ""48"": 1, ""49"": 12, ""50"": 1, ""51"": 1, ""52"": 2, ""53"": 21, ""54"": 1, ""55"": 2, ""56"": 1, ""57"": 1, ""58"": 1, ""60"": 1, ""61"": 1}"
29,large,f0289_10,464,57,371,93,"{""0"": 8, ""1"": 11, ""2"": 11, ""3"": 7, ""4"": 3, ""5"": 2, ""6"": 7, ""7"": 4, ""8"": 8, ""9"": 6, ""10"": 12, ""11"": 4, ""12"": 7, ""13"": 6, ""14"": 2, ""15"": 4, ""17"": 5, ""18"": 6, ""19"": 8, ""20"": 1, ""21"": 7, ""22"": 14, ""23"": 10, ""24"": 39, ""25"": 13, ""27"": 12, ""28"": 23, ""29"": 16, ""30"": 20, ""31"": 5, ""32"": 5, ""34"": 10, ""35"": 1, ""36"": 7, ""37"": 4, ""38"": 1, ""39"": 7, ""40"": 28, ""41"": 1, ""42"": 2, ""43"": 8, ""44"": 1, ""47"": 48, ""48"": 1, ""49"": 17, ""50"": 1, ""51"": 1, ""52"": 3, ""53"": 11, ""54"": 1, ""55"": 19, ""56"": 1, ""57"": 1, ""58"": 1, ""59"": 1, ""60"": 1, ""61"": 1}"
30,large,f0292_16,442,60,354,88,"{""0"": 13, ""1"": 12, ""2"": 13, ""3"": 13, ""4"": 13, ""5"": 13, ""6"": 13, ""7"": 13, ""8"": 12, ""9"": 13, ""10"": 2, ""11"": 2, ""12"": 7, ""13"": 1, ""14"": 1, ""15"": 10, ""16"": 1, ""17"": 1, ""18"": 4, ""19"": 2, ""20"": 1, ""21"": 2, ""22"": 8, ""23"": 3, ""24"": 25, ""25"": 7, ""26"": 1, ""27"": 1, ""28"": 21, ""29"": 5, ""30"": 10, ""31"": 5, ""32"": 3, ""33"": 1, ""34"": 4, ""35"": 1, ""36"": 14, ""37"": 4, ""38"": 1, ""39"": 10, ""40"": 39, ""41"": 1, ""42"": 1, ""43"": 11, ""44"": 2, ""46"": 1, ""47"": 28, ""48"": 1, ""49"": 15, ""50"": 1, ""52"": 4, ""53"": 20, ""54"": 1, ""55"": 25, ""56"": 1, ""57"": 1, ""58"": 1, ""59"": 1, ""60"": 1, ""61"": 1}"
31,small,f0294_18,132,39,106,26,"{""0"": 8, ""1"": 12, ""2"": 7, ""3"": 7, ""4"": 6, ""5"": 2, ""6"": 5, ""7"": 9, ""8"": 6, ""9"": 8, ""11"": 1, ""14"": 4, ""18"": 2, ""20"": 1, ""21"": 1, ""22"": 2, ""23"": 3, ""24"": 4, ""25"": 2, ""27"": 1, ""28"": 4, ""29"": 2, ""30"": 4, ""31"": 1, ""32"": 1, ""33"": 1, ""34"": 1, ""35"": 1, ""39"": 3, ""41"": 1, ""43"": 3, ""46"": 1, ""47"": 9, ""48"": 1, ""49"": 3, ""50"": 1, ""53"": 2, ""56"": 1, ""60"": 1}"
32,large,f0315_31,425,59,340,85,"{""0"": 13, ""1"": 13, ""2"": 12, ""3"": 12, ""4"": 12, ""5"": 13, ""6"": 13, ""7"": 13, ""8"": 12, ""9"": 12, ""10"": 1, ""11"": 1, ""12"": 8, ""13"": 2, ""14"": 1, ""15"": 8, ""16"": 1, ""18"": 6, ""19"": 2, ""20"": 1, ""21"": 1, ""22"": 8, ""23"": 3, ""24"": 24, ""25"": 7, ""27"": 21, ""28"": 22, ""29"": 5, ""30"": 11, ""31"": 3, ""32"": 3, ""33"": 1, ""34"": 4, ""35"": 1, ""36"": 12, ""37"": 4, ""38"": 1, ""39"": 11, ""40"": 34, ""41"": 1, ""42"": 4, ""43"": 10, ""44"": 1, ""45"": 1, ""46"": 1, ""47"": 24, ""48"": 1, ""49"": 15, ""50"": 1, ""51"": 1, ""52"": 1, ""53"": 1, ""54"": 1, ""55"": 25, ""56"": 1, ""57"": 1, ""58"": 1, ""59"": 1, ""60"": 1}"
33,large,f0317_44,420,59,336,84,"{""0"": 12, ""1"": 16, ""2"": 13, ""3"": 13, ""4"": 9, ""5"": 12, ""6"": 13, ""7"": 13, ""8"": 12, ""9"": 12, ""10"": 2, ""11"": 2, ""12"": 8, ""13"": 1, ""14"": 1, ""15"": 7, ""16"": 1, ""17"": 1, ""18"": 18, ""19"": 2, ""20"": 1, ""21"": 7, ""22"": 7, ""23"": 5, ""24"": 24, ""25"": 7, ""27"": 3, ""28"": 19, ""29"": 6, ""30"": 11, ""31"": 3, ""32"": 2, ""33"": 1, ""34"": 3, ""35"": 1, ""36"": 14, ""37"": 4, ""38"": 1, ""39"": 10, ""40"": 34, ""42"": 2, ""43"": 7, ""44"": 1, ""45"": 1, ""46"": 1, ""47"": 7, ""48"": 1, ""49"": 14, ""50"": 1, ""51"": 1, ""52"": 2, ""53"": 16, ""54"": 1, ""55"": 29, ""57"": 1, ""58"": 1, ""59"": 1, ""60"": 1, ""61"": 1}"
34,large,f0320_41,426,61,341,85,"{""0"": 13, ""1"": 14, ""2"": 13, ""3"": 13, ""4"": 10, ""5"": 13, ""6"": 12, ""7"": 13, ""8"": 13, ""9"": 12, ""10"": 2, ""11"": 2, ""12"": 8, ""13"": 2, ""14"": 1, ""15"": 9, ""16"": 1, ""17"": 1, ""18"": 11, ""19"": 2, ""20"": 1, ""21"": 1, ""22"": 8, ""23"": 4, ""24"": 21, ""25"": 7, ""26"": 1, ""27"": 1, ""28"": 20, ""29"": 5, ""30"": 10, ""31"": 4, ""32"": 2, ""33"": 1, ""34"": 1, ""35"": 1, ""36"": 13, ""37"": 4, ""38"": 1, ""39"": 11, ""40"": 37, ""41"": 1, ""42"": 3, ""43"": 8, ""44"": 1, ""46"": 1, ""47"": 21, ""48"": 1, ""49"": 15, ""50"": 1, ""51"": 1, ""52"": 3, ""53"": 21, ""54"": 1, ""55"": 23, ""56"": 1, ""57"": 1, ""58"": 1, ""59"": 1, ""60"": 1, ""61"": 1}"
35,large,f0330_09,417,60,334,83,"{""0"": 13, ""1"": 13, ""2"": 10, ""3"": 9, ""4"": 11, ""5"": 9, ""6"": 11, ""7"": 12, ""8"": 11, ""9"": 8, ""10"": 2, ""11"": 1, ""12"": 7, ""13"": 2, ""14"": 1, ""15"": 8, ""16"": 1, ""17"": 1, ""18"": 14, ""19"": 2, ""20"": 1, ""21"": 4, ""22"": 8, ""23"": 2, ""24"": 25, ""25"": 7, ""26"": 1, ""27"": 1, ""28"": 22, ""29"": 5, ""30"": 11, ""31"": 3, ""32"": 3, ""33"": 1, ""34"": 13, ""35"": 1, ""36"": 14, ""37"": 4, ""38"": 1, ""39"": 11, ""40"": 40, ""41"": 1, ""42"": 2, ""43"": 10, ""44"": 1, ""45"": 1, ""46"": 1, ""47"": 12, ""48"": 1, ""49"": 16, ""50"": 1, ""51"": 1, ""52"": 2, ""53"": 13, ""54"": 1, ""55"": 26, ""56"": 1, ""57"": 1, ""58"": 1, ""61"": 1}"
36,large,f0335_14,427,62,342,85,"{""0"": 13, ""1"": 14, ""2"": 13, ""3"": 13, ""4"": 12, ""5"": 13, ""6"": 13, ""7"": 13, ""8"": 13, ""9"": 13, ""10"": 2, ""11"": 2, ""12"": 13, ""13"": 3, ""14"": 1, ""15"": 10, ""16"": 1, ""17"": 2, ""18"": 15, ""19"": 2, ""20"": 1, ""21"": 2, ""22"": 7, ""23"": 3, ""24"": 26, ""25"": 6, ""26"": 1, ""27"": 2, ""28"": 16, ""29"": 5, ""30"": 11, ""31"": 3, ""32"": 3, ""33"": 1, ""34"": 3, ""35"": 1, ""36"": 14, ""37"": 3, ""38"": 1, ""39"": 10, ""40"": 25, ""41"": 1, ""42"": 3, ""43"": 13, ""44"": 1, ""45"": 1, ""46"": 1, ""47"": 16, ""48"": 1, ""49"": 12, ""50"": 1, ""51"": 1, ""52"": 2, ""53"": 17, ""54"": 1, ""55"": 25, ""56"": 1, ""57"": 1, ""58"": 1, ""59"": 1, ""60"": 1, ""61"": 1}"
37,large,f0337_24,435,58,348,87,"{""0"": 13, ""1"": 13, ""2"": 13, ""3"": 12, ""4"": 13, ""5"": 13, ""6"": 13, ""7"": 13, ""8"": 13, ""9"": 12, ""10"": 15, ""11"": 2, ""12"": 8, ""13"": 2, ""14"": 2, ""15"": 8, ""16"": 1, ""17"": 1, ""18"": 10, ""19"": 2, ""20"": 1, ""21"": 1, ""22"": 8, ""23"": 18, ""24"": 25, ""25"": 6, ""26"": 1, ""27"": 2, ""28"": 22, ""29"": 11, ""30"": 13, ""31"": 1, ""32"": 3, ""33"": 1, ""34"": 3, ""36"": 1, ""37"": 4, ""38"": 1, ""39"": 11, ""40"": 34, ""41"": 1, ""42"": 4, ""43"": 10, ""44"": 1, ""45"": 1, ""46"": 1, ""47"": 23, ""48"": 1, ""49"": 1, ""50"": 1, ""51"": 1, ""53"": 20, ""54"": 1, ""55"": 19, ""57"": 1, ""59"": 1, ""60"": 1, ""61"": 1}"
38,large,f0344_25,427,60,342,85,"{""0"": 13, ""1"": 12, ""2"": 12, ""3"": 13, ""4"": 13, ""5"": 12, ""6"": 13, ""7"": 12, ""8"": 12, ""9"": 13, ""10"": 2, ""11"": 2, ""12"": 7, ""13"": 3, ""14"": 1, ""15"": 10, ""16"": 1, ""17"": 1, ""18"": 16, ""19"": 1, ""20"": 1, ""21"": 2, ""22"": 8, ""23"": 3, ""24"": 24, ""25"": 7, ""26"": 1, ""27"": 1, ""28"": 21, ""29"": 5, ""30"": 9, ""31"": 2, ""32"": 5, ""33"": 1, ""34"": 4, ""36"": 14, ""37"": 4, ""38"": 1, ""39"": 11, ""40"": 33, ""41"": 1, ""42"": 3, ""43"": 10, ""44"": 1, ""45"": 1, ""46"": 1, ""47"": 14, ""48"": 1, ""49"": 15, ""50"": 1, ""51"": 1, ""52"": 2, ""53"": 20, ""54"": 1, ""55"": 24, ""56"": 1, ""57"": 1, ""58"": 1, ""59"": 1, ""61"": 1}"
39,large,f0360_15,420,61,336,84,"{""0"": 13, ""1"": 13, ""2"": 12, ""3"": 13, ""4"": 13, ""5"": 13, ""6"": 12, ""7"": 13, ""8"": 12, ""9"": 13, ""10"": 5, ""11"": 2, ""12"": 10, ""13"": 7, ""14"": 1, ""15"": 9, ""16"": 1, ""17"": 2, ""18"": 12, ""19"": 3, ""21"": 10, ""22"": 8, ""23"": 17, ""24"": 23, ""25"": 7, ""26"": 1, ""27"": 17, ""28"": 19, ""29"": 27, ""30"": 11, ""31"": 3, ""32"": 2, ""33"": 1, ""34"": 3, ""35"": 1, ""36"": 9, ""37"": 4, ""38"": 1, ""39"": 6, ""40"": 29, ""41"": 1, ""42"": 3, ""43"": 8, ""44"": 1, ""45"": 1, ""46"": 1, ""47"": 12, ""48"": 1, ""49"": 1, ""50"": 1, ""51"": 1, ""52"": 2, ""53"": 1, ""54"": 1, ""55"": 1, ""56"": 1, ""57"": 1, ""58"": 1, ""59"": 1, ""60"": 1, ""61"": 1}"
40,large,f0379_10,418,59,334,84,"{""0"": 12, ""1"": 12, ""2"": 12, ""3"": 12, ""4"": 13, ""5"": 12, ""6"": 13, ""7"": 13, ""8"": 13, ""9"": 12, ""10"": 2, ""11"": 2, ""12"": 7, ""13"": 2, ""14"": 1, ""15"": 6, ""16"": 1, ""17"": 1, ""18"": 16, ""19"": 2, ""20"": 1, ""21"": 2, ""22"": 8, ""23"": 1, ""24"": 21, ""25"": 6, ""26"": 1, ""28"": 19, ""29"": 4, ""30"": 11, ""31"": 3, ""32"": 3, ""33"": 1, ""34"": 3, ""35"": 1, ""36"": 13, ""37"": 4, ""38"": 1, ""39"": 10, ""40"": 36, ""41"": 1, ""42"": 2, ""43"": 10, ""44"": 1, ""45"": 1, ""47"": 21, ""49"": 16, ""50"": 1, ""51"": 1, ""52"": 2, ""53"": 19, ""54"": 1, ""55"": 23, ""56"": 1, ""57"": 1, ""58"": 1, ""59"": 1, ""60"": 1, ""61"": 1}"
41,large,f0395_15,422,61,338,84,"{""0"": 13, ""1"": 13, ""2"": 13, ""3"": 13, ""4"": 12, ""5"": 12, ""6"": 12, ""7"": 13, ""8"": 13, ""9"": 13, ""10"": 2, ""11"": 2, ""12"": 8, ""13"": 2, ""14"": 1, ""15"": 11, ""16"": 1, ""17"": 1, ""18"": 13, ""19"": 2, ""20"": 1, ""21"": 2, ""22"": 8, ""23"": 3, ""24"": 26, ""25"": 7, ""26"": 1, ""27"": 1, ""28"": 22, ""29"": 5, ""30"": 11, ""31"": 2, ""32"": 3, ""33"": 1, ""34"": 4, ""35"": 1, ""36"": 13, ""37"": 4, ""38"": 1, ""39"": 11, ""40"": 22, ""41"": 1, ""42"": 3, ""43"": 10, ""44"": 1, ""45"": 1, ""46"": 1, ""47"": 13, ""48"": 1, ""49"": 15, ""50"": 1, ""51"": 1, ""52"": 2, ""53"": 23, ""54"": 1, ""55"": 24, ""56"": 1, ""58"": 1, ""59"": 1, ""60"": 1, ""61"": 1}"
42,large,f0443_21,417,59,334,83,"{""0"": 13, ""1"": 12, ""2"": 12, ""3"": 13, ""4"": 12, ""5"": 12, ""6"": 11, ""7"": 11, ""8"": 12, ""9"": 12, ""10"": 1, ""11"": 2, ""12"": 8, ""13"": 1, ""14"": 1, ""15"": 8, ""16"": 1, ""17"": 1, ""18"": 7, ""19"": 5, ""20"": 1, ""21"": 2, ""22"": 8, ""23"": 3, ""24"": 26, ""25"": 7, ""26"": 1, ""27"": 1, ""28"": 21, ""29"": 4, ""30"": 11, ""31"": 3, ""32"": 3, ""33"": 1, ""34"": 4, ""35"": 1, ""36"": 12, ""37"": 3, ""38"": 1, ""39"": 11, ""40"": 39, ""41"": 1, ""42"": 3, ""43"": 9, ""44"": 1, ""46"": 1, ""47"": 11, ""48"": 1, ""49"": 16, ""50"": 1, ""51"": 1, ""52"": 2, ""53"": 21, ""54"": 1, ""55"": 26, ""56"": 1, ""57"": 1, ""58"": 1, ""59"": 1}"
43,large,f0451_44,419,62,335,84,"{""0"": 11, ""1"": 11, ""2"": 12, ""3"": 12, ""4"": 12, ""5"": 10, ""6"": 11, ""7"": 12, ""8"": 11, ""9"": 11, ""10"": 2, ""11"": 2, ""12"": 8, ""13"": 2, ""14"": 1, ""15"": 10, ""16"": 1, ""17"": 1, ""18"": 13, ""19"": 2, ""20"": 1, ""21"": 2, ""22"": 8, ""23"": 3, ""24"": 26, ""25"": 7, ""26"": 1, ""27"": 1, ""28"": 22, ""29"": 5, ""30"": 11, ""31"": 3, ""32"": 3, ""33"": 1, ""34"": 4, ""35"": 1, ""36"": 14, ""37"": 4, ""38"": 1, ""39"": 11, ""40"": 39, ""41"": 1, ""42"": 3, ""43"": 10, ""44"": 1, ""45"": 1, ""46"": 1, ""47"": 9, ""48"": 1, ""49"": 14, ""50"": 1, ""51"": 1, ""52"": 2, ""53"": 18, ""54"": 1, ""55"": 26, ""56"": 1, ""57"": 1, ""58"": 1, ""59"": 1, ""60"": 1, ""61"": 1}"
44,large,f0465_42,420,60,336,84,"{""0"": 12, ""1"": 12, ""2"": 11, ""3"": 12, ""4"": 13, ""5"": 10, ""6"": 9, ""7"": 11, ""8"": 12, ""9"": 11, ""10"": 2, ""11"": 2, ""12"": 7, ""13"": 2, ""14"": 1, ""15"": 10, ""16"": 1, ""17"": 1, ""18"": 9, ""19"": 2, ""20"": 1, ""21"": 2, ""22"": 8, ""23"": 4, ""24"": 26, ""25"": 7, ""26"": 1, ""27"": 1, ""28"": 21, ""29"": 5, ""30"": 11, ""31"": 3, ""32"": 3, ""33"": 1, ""34"": 3, ""35"": 1, ""36"": 14, ""37"": 4, ""39"": 10, ""40"": 37, ""41"": 1, ""42"": 2, ""43"": 10, ""44"": 1, ""45"": 1, ""46"": 1, ""47"": 22, ""49"": 14, ""50"": 1, ""51"": 1, ""52"": 3, ""53"": 20, ""54"": 1, ""55"": 23, ""56"": 1, ""57"": 1, ""58"": 1, ""59"": 1, ""60"": 1, ""61"": 1}"
45,large,f0495_04,419,60,335,84,"{""0"": 13, ""1"": 11, ""2"": 13, ""3"": 12, ""4"": 13, ""5"": 10, ""6"": 11, ""7"": 13, ""8"": 13, ""9"": 13, ""10"": 3, ""11"": 2, ""12"": 9, ""13"": 2, ""14"": 3, ""15"": 8, ""16"": 1, ""17"": 1, ""18"": 10, ""19"": 2, ""20"": 1, ""21"": 2, ""22"": 8, ""23"": 4, ""24"": 25, ""25"": 8, ""26"": 1, ""27"": 3, ""28"": 21, ""29"": 4, ""30"": 12, ""31"": 1, ""32"": 3, ""34"": 4, ""35"": 1, ""36"": 13, ""37"": 4, ""38"": 1, ""39"": 9, ""40"": 28, ""41"": 1, ""42"": 3, ""43"": 8, ""44"": 1, ""46"": 1, ""47"": 24, ""48"": 1, ""49"": 15, ""50"": 1, ""51"": 1, ""52"": 2, ""53"": 15, ""54"": 1, ""55"": 23, ""56"": 1, ""57"": 1, ""58"": 1, ""59"": 1, ""60"": 1, ""61"": 1}"
46,large,f0644_19,436,61,349,87,"{""0"": 13, ""1"": 11, ""2"": 13, ""3"": 13, ""4"": 13, ""5"": 13, ""6"": 13, ""7"": 13, ""8"": 12, ""9"": 12, ""10"": 2, ""11"": 2, ""12"": 10, ""13"": 2, ""14"": 1, ""15"": 10, ""16"": 1, ""18"": 10, ""19"": 2, ""20"": 1, ""21"": 1, ""22"": 8, ""23"": 3, ""24"": 26, ""25"": 7, ""26"": 1, ""27"": 2, ""28"": 22, ""29"": 1, ""30"": 11, ""31"": 3, ""32"": 3, ""33"": 1, ""34"": 4, ""35"": 1, ""36"": 13, ""37"": 3, ""38"": 1, ""39"": 10, ""40"": 37, ""41"": 1, ""42"": 3, ""43"": 9, ""44"": 1, ""45"": 1, ""46"": 1, ""47"": 25, ""48"": 1, ""49"": 15, ""50"": 1, ""51"": 1, ""52"": 2, ""53"": 18, ""54"": 1, ""55"": 25, ""56"": 1, ""57"": 1, ""58"": 1, ""59"": 1, ""60"": 1, ""61"": 1}"
47,large,f0743_31,425,58,340,85,"{""0"": 13, ""1"": 13, ""2"": 13, ""3"": 13, ""4"": 13, ""5"": 13, ""6"": 12, ""7"": 13, ""8"": 12, ""9"": 13, ""10"": 14, ""11"": 4, ""12"": 8, ""13"": 11, ""14"": 7, ""15"": 10, ""16"": 1, ""17"": 7, ""18"": 17, ""19"": 2, ""21"": 4, ""22"": 8, ""23"": 10, ""24"": 27, ""25"": 7, ""26"": 1, ""27"": 19, ""28"": 22, ""29"": 24, ""30"": 10, ""31"": 3, ""32"": 3, ""34"": 3, ""35"": 1, ""36"": 1, ""37"": 1, ""38"": 1, ""39"": 1, ""40"": 30, ""41"": 1, ""42"": 1, ""43"": 10, ""44"": 2, ""47"": 7, ""48"": 1, ""49"": 1, ""50"": 1, ""51"": 1, ""52"": 1, ""53"": 2, ""54"": 1, ""55"": 5, ""56"": 1, ""57"": 1, ""58"": 1, ""59"": 1, ""60"": 1, ""61"": 1}"
48,large,f0863_41,422,60,338,84,"{""0"": 13, ""1"": 13, ""2"": 13, ""3"": 13, ""4"": 13, ""5"": 13, ""6"": 13, ""7"": 12, ""8"": 13, ""9"": 13, ""10"": 2, ""11"": 2, ""12"": 8, ""13"": 2, ""14"": 1, ""15"": 10, ""16"": 1, ""17"": 1, ""18"": 12, ""19"": 2, ""20"": 1, ""21"": 3, ""22"": 8, ""23"": 8, ""24"": 25, ""25"": 7, ""27"": 1, ""28"": 21, ""29"": 5, ""30"": 11, ""31"": 2, ""32"": 3, ""33"": 1, ""34"": 3, ""35"": 1, ""36"": 12, ""37"": 4, ""38"": 1, ""39"": 11, ""40"": 39, ""41"": 1, ""42"": 2, ""43"": 10, ""44"": 1, ""45"": 1, ""46"": 1, ""47"": 8, ""49"": 9, ""50"": 1, ""51"": 1, ""52"": 2, ""53"": 20, ""54"": 1, ""55"": 21, ""56"": 1, ""57"": 1, ""58"": 1, ""59"": 1, ""60"": 1, ""61"": 1}"
49,small,f0969_31,125,30,100,25,"{""0"": 4, ""1"": 7, ""2"": 3, ""3"": 5, ""4"": 5, ""5"": 3, ""6"": 5, ""7"": 4, ""8"": 4, ""9"": 5, ""10"": 1, ""12"": 4, ""15"": 1, ""18"": 4, ""24"": 11, ""25"": 2, ""28"": 6, ""29"": 3, ""30"": 1, ""32"": 1, ""34"": 1, ""36"": 6, ""37"": 1, ""39"": 3, ""40"": 11, ""43"": 2, ""47"": 7, ""49"": 4, ""53"": 1, ""55"": 10}"
50,large,f0996_01,419,61,335,84,"{""0"": 13, ""1"": 11, ""2"": 13, ""3"": 13, ""4"": 13, ""5"": 11, ""6"": 10, ""7"": 13, ""8"": 8, ""9"": 10, ""10"": 2, ""11"": 2, ""12"": 8, ""13"": 3, ""14"": 1, ""15"": 10, ""16"": 1, ""17"": 1, ""18"": 8, ""19"": 2, ""20"": 1, ""21"": 2, ""22"": 8, ""23"": 3, ""24"": 26, ""25"": 6, ""26"": 1, ""27"": 1, ""28"": 22, ""29"": 4, ""30"": 11, ""31"": 3, ""32"": 3, ""33"": 1, ""34"": 4, ""35"": 1, ""36"": 14, ""37"": 4, ""38"": 1, ""39"": 11, ""40"": 39, ""41"": 1, ""42"": 3, ""43"": 10, ""44"": 1, ""45"": 1, ""46"": 1, ""47"": 11, ""48"": 1, ""49"": 15, ""50"": 1, ""51"": 1, ""52"": 2, ""53"": 20, ""54"": 1, ""55"": 26, ""57"": 1, ""58"": 1, ""59"": 1, ""60"": 1, ""61"": 1}"
51,small,f1100_46,126,50,101,25,"{""0"": 4, ""1"": 11, ""2"": 7, ""3"": 3, ""4"": 4, ""5"": 1, ""6"": 4, ""7"": 2, ""8"": 3, ""9"": 6, ""10"": 1, ""12"": 3, ""13"": 1, ""18"": 2, ""19"": 1, ""21"": 2, ""22"": 2, ""23"": 1, ""24"": 6, ""26"": 1, ""27"": 1, ""28"": 8, ""30"": 4, ""32"": 1, ""33"": 1, ""35"": 1, ""36"": 4, ""37"": 3, ""38"": 1, ""39"": 3, ""40"": 5, ""41"": 1, ""42"": 2, ""43"": 2, ""44"": 1, ""46"": 1, ""47"": 3, ""48"": 1, ""49"": 1, ""50"": 1, ""51"": 1, ""53"": 4, ""54"": 1, ""55"": 3, ""56"": 1, ""57"": 1, ""58"": 1, ""59"": 1, ""60"": 1, ""61"": 2}"
52,small,f1261_39,131,48,105,26,"{""0"": 10, ""1"": 10, ""2"": 8, ""3"": 8, ""4"": 7, ""5"": 3, ""6"": 6, ""7"": 8, ""8"": 2, ""9"": 10, ""10"": 1, ""12"": 1, ""13"": 1, ""14"": 1, ""15"": 1, ""16"": 1, ""17"": 1, ""18"": 1, ""20"": 1, ""21"": 1, ""23"": 1, ""24"": 5, ""25"": 1, ""26"": 1, ""27"": 1, ""28"": 2, ""30"": 4, ""32"": 2, ""33"": 1, ""35"": 1, ""36"": 5, ""37"": 1, ""38"": 1, ""40"": 5, ""41"": 1, ""43"": 1, ""44"": 1, ""46"": 1, ""47"": 2, ""48"": 1, ""49"": 2, ""50"": 1, ""52"": 1, ""53"": 2, ""56"": 2, ""57"": 1, ""59"": 1, ""61"": 1}"
53,large,f1301_47,435,60,348,87,"{""0"": 13, ""1"": 13, ""2"": 13, ""3"": 11, ""4"": 13, ""5"": 12, ""6"": 13, ""7"": 13, ""8"": 12, ""9"": 11, ""10"": 12, ""11"": 4, ""12"": 12, ""13"": 7, ""14"": 1, ""15"": 8, ""16"": 1, ""17"": 1, ""18"": 8, ""19"": 2, ""20"": 1, ""21"": 5, ""22"": 10, ""23"": 10, ""24"": 31, ""25"": 6, ""26"": 1, ""27"": 1, ""28"": 24, ""29"": 15, ""30"": 14, ""31"": 2, ""32"": 3, ""33"": 1, ""34"": 3, ""35"": 1, ""36"": 9, ""37"": 3, ""38"": 1, ""39"": 9, ""40"": 33, ""41"": 1, ""42"": 3, ""43"": 7, ""44"": 1, ""46"": 1, ""47"": 6, ""48"": 1, ""49"": 13, ""50"": 1, ""52"": 2, ""53"": 9, ""54"": 1, ""55"": 20, ""56"": 1, ""57"": 1, ""58"": 1, ""59"": 1, ""60"": 1, ""61"": 1}"
54,small,f1302_15,125,46,100,25,"{""0"": 10, ""1"": 8, ""2"": 9, ""3"": 10, ""4"": 8, ""5"": 7, ""6"": 8, ""7"": 11, ""8"": 8, ""9"": 5, ""10"": 2, ""14"": 1, ""15"": 1, ""16"": 1, ""17"": 1, ""18"": 3, ""19"": 1, ""20"": 1, ""21"": 1, ""22"": 1, ""24"": 2, ""26"": 1, ""28"": 2, ""30"": 1, ""32"": 1, ""33"": 1, ""34"": 1, ""36"": 1, ""37"": 1, ""38"": 1, ""39"": 1, ""40"": 1, ""41"": 1, ""42"": 1, ""43"": 1, ""44"": 1, ""47"": 1, ""48"": 1, ""49"": 1, ""50"": 1, ""51"": 1, ""54"": 1, ""55"": 1, ""59"": 1, ""60"": 1, ""61"": 1}"
55,large,f1369_36,422,62,338,84,"{""0"": 13, ""1"": 11, ""2"": 13, ""3"": 13, ""4"": 12, ""5"": 12, ""6"": 13, ""7"": 13, ""8"": 13, ""9"": 13, ""10"": 2, ""11"": 2, ""12"": 8, ""13"": 2, ""14"": 1, ""15"": 10, ""16"": 1, ""17"": 1, ""18"": 14, ""19"": 2, ""20"": 1, ""21"": 2, ""22"": 8, ""23"": 2, ""24"": 26, ""25"": 6, ""26"": 1, ""27"": 1, ""28"": 15, ""29"": 5, ""30"": 11, ""31"": 3, ""32"": 3, ""33"": 1, ""34"": 4, ""35"": 1, ""36"": 13, ""37"": 4, ""38"": 1, ""39"": 11, ""40"": 35, ""41"": 1, ""42"": 3, ""43"": 10, ""44"": 1, ""45"": 1, ""46"": 1, ""47"": 7, ""48"": 1, ""49"": 16, ""50"": 1, ""51"": 1, ""52"": 2, ""53"": 21, ""54"": 1, ""55"": 26, ""56"": 1, ""57"": 1, ""58"": 1, ""59"": 1, ""60"": 1, ""61"": 1}"
56,small,f1384_42,130,42,104,26,"{""0"": 6, ""1"": 10, ""2"": 9, ""3"": 8, ""4"": 6, ""5"": 4, ""6"": 8, ""7"": 11, ""8"": 5, ""9"": 4, ""10"": 2, ""13"": 1, ""15"": 2, ""16"": 1, ""17"": 1, ""18"": 2, ""21"": 1, ""22"": 1, ""23"": 2, ""24"": 3, ""25"": 2, ""28"": 5, ""30"": 1, ""31"": 1, ""32"": 3, ""36"": 1, ""39"": 1, ""40"": 8, ""42"": 1, ""43"": 1, ""44"": 1, ""47"": 3, ""48"": 1, ""49"": 3, ""50"": 1, ""52"": 1, ""53"": 3, ""54"": 1, ""55"": 2, ""56"": 1, ""57"": 1, ""59"": 1}"
57,small,f1495_32,131,55,105,26,"{""0"": 6, ""1"": 7, ""2"": 4, ""3"": 7, ""4"": 1, ""5"": 4, ""6"": 7, ""7"": 6, ""8"": 8, ""9"": 5, ""10"": 3, ""11"": 1, ""12"": 3, ""13"": 1, ""14"": 1, ""15"": 1, ""16"": 1, ""17"": 1, ""18"": 1, ""19"": 2, ""20"": 1, ""21"": 1, ""22"": 6, ""23"": 1, ""24"": 2, ""25"": 1, ""27"": 1, ""28"": 1, ""29"": 2, ""30"": 4, ""31"": 1, ""32"": 1, ""34"": 1, ""36"": 3, ""37"": 1, ""39"": 1, ""40"": 7, ""41"": 1, ""42"": 1, ""43"": 3, ""44"": 1, ""46"": 1, ""47"": 1, ""48"": 1, ""49"": 3, ""51"": 1, ""52"": 1, ""53"": 1, ""54"": 1, ""55"": 5, ""56"": 1, ""57"": 1, ""58"": 1, ""59"": 1, ""61"": 1}"
58,small,f1503_02,128,46,102,26,"{""0"": 10, ""1"": 12, ""2"": 9, ""3"": 9, ""4"": 7, ""5"": 7, ""6"": 9, ""7"": 11, ""8"": 8, ""9"": 9, ""13"": 1, ""14"": 1, ""15"": 1, ""16"": 1, ""17"": 1, ""18"": 1, ""19"": 1, ""20"": 1, ""21"": 1, ""22"": 1, ""23"": 1, ""25"": 1, ""27"": 1, ""28"": 1, ""31"": 1, ""32"": 1, ""33"": 1, ""34"": 1, ""35"": 1, ""36"": 1, ""37"": 1, ""39"": 1, ""40"": 1, ""41"": 1, ""42"": 1, ""43"": 2, ""44"": 1, ""46"": 1, ""47"": 1, ""48"": 1, ""51"": 1, ""53"": 1, ""55"": 1, ""57"": 1, ""58"": 1, ""59"": 1}"
59,small,f1508_14,133,50,106,27,"{""0"": 11, ""1"": 11, ""2"": 8, ""3"": 13, ""4"": 9, ""5"": 5, ""6"": 8, ""7"": 11, ""8"": 9, ""9"": 8, ""10"": 1, ""11"": 1, ""13"": 1, ""15"": 1, ""17"": 1, ""18"": 1, ""19"": 1, ""20"": 1, ""21"": 1, ""23"": 1, ""24"": 1, ""25"": 1, ""26"": 1, ""27"": 1, ""28"": 1, ""30"": 1, ""31"": 1, ""32"": 1, ""33"": 1, ""35"": 1, ""36"": 1, ""37"": 1, ""38"": 1, ""39"": 1, ""41"": 1, ""43"": 1, ""44"": 1, ""45"": 1, ""47"": 1, ""48"": 1, ""49"": 1, ""50"": 1, ""51"": 1, ""52"": 1, ""54"": 1, ""55"": 1, ""56"": 1, ""57"": 1, ""58"": 1, ""61"": 1}"
60,small,f1531_34,133,41,106,27,"{""0"": 12, ""1"": 15, ""2"": 7, ""3"": 7, ""4"": 11, ""5"": 11, ""6"": 7, ""7"": 11, ""8"": 11, ""9"": 10, ""10"": 1, ""12"": 1, ""15"": 1, ""16"": 1, ""18"": 1, ""20"": 1, ""21"": 1, ""23"": 1, ""24"": 1, ""25"": 1, ""26"": 1, ""27"": 1, ""28"": 1, ""30"": 1, ""32"": 1, ""33"": 1, ""35"": 1, ""36"": 1, ""37"": 1, ""39"": 1, ""40"": 1, ""41"": 1, ""43"": 1, ""44"": 1, ""46"": 1, ""49"": 1, ""55"": 1, ""56"": 1, ""58"": 1, ""59"": 1, ""61"": 1}"
61,small,f1549_10,126,49,101,25,"{""0"": 7, ""1"": 12, ""2"": 10, ""3"": 9, ""4"": 7, ""5"": 6, ""6"": 10, ""7"": 12, ""8"": 7, ""9"": 5, ""10"": 1, ""11"": 1, ""13"": 1, ""14"": 1, ""15"": 1, ""16"": 1, ""17"": 1, ""18"": 1, ""20"": 1, ""21"": 1, ""22"": 1, ""23"": 1, ""24"": 1, ""25"": 1, ""26"": 1, ""28"": 1, ""29"": 1, ""30"": 1, ""31"": 1, ""33"": 1, ""35"": 1, ""36"": 1, ""37"": 1, ""39"": 1, ""40"": 1, ""41"": 1, ""44"": 1, ""46"": 1, ""47"": 3, ""49"": 1, ""50"": 1, ""51"": 1, ""52"": 1, ""53"": 1, ""54"": 1, ""56"": 1, ""57"": 1, ""58"": 1, ""60"": 1}"
62,small,f1570_40,128,31,102,26,"{""0"": 10, ""1"": 13, ""2"": 13, ""3"": 12, ""4"": 9, ""5"": 8, ""6"": 7, ""7"": 11, ""8"": 13, ""9"": 10, ""10"": 1, ""11"": 1, ""14"": 1, ""15"": 1, ""16"": 1, ""17"": 1, ""18"": 2, ""21"": 1, ""22"": 1, ""23"": 1, ""24"": 1, ""26"": 1, ""27"": 1, ""28"": 1, ""29"": 1, ""30"": 1, ""31"": 1, ""32"": 1, ""33"": 1, ""34"": 1, ""35"": 1}"
63,small,f1573_06,126,58,101,25,"{""0"": 8, ""1"": 11, ""2"": 9, ""3"": 5, ""4"": 6, ""5"": 1, ""6"": 6, ""7"": 10, ""8"": 11, ""9"": 11, ""10"": 1, ""11"": 1, ""13"": 1, ""14"": 1, ""15"": 1, ""16"": 1, ""17"": 1, ""18"": 1, ""19"": 1, ""20"": 1, ""21"": 1, ""22"": 1, ""23"": 1, ""25"": 1, ""26"": 1, ""27"": 1, ""28"": 1, ""30"": 1, ""31"": 1, ""32"": 1, ""33"": 1, ""34"": 1, ""35"": 1, ""37"": 1, ""38"": 1, ""39"": 1, ""40"": 1, ""41"": 1, ""42"": 1, ""43"": 1, ""44"": 1, ""45"": 1, ""46"": 1, ""47"": 1, ""48"": 1, ""49"": 1, ""50"": 1, ""51"": 1, ""52"": 1, ""53"": 1, ""54"": 1, ""55"": 1, ""56"": 1, ""57"": 1, ""58"": 1, ""59"": 1, ""60"": 1, ""61"": 1}"
64,small,f1580_14,128,42,102,26,"{""0"": 12, ""1"": 13, ""2"": 11, ""3"": 6, ""4"": 6, ""5"": 10, ""6"": 8, ""7"": 12, ""8"": 7, ""9"": 10, ""11"": 1, ""13"": 1, ""14"": 1, ""15"": 1, ""16"": 1, ""17"": 1, ""18"": 2, ""21"": 1, ""22"": 1, ""25"": 1, ""26"": 1, ""27"": 1, ""28"": 1, ""33"": 1, ""34"": 1, ""36"": 1, ""39"": 1, ""41"": 1, ""42"": 1, ""44"": 1, ""45"": 1, ""46"": 1, ""47"": 1, ""49"": 1, ""50"": 1, ""51"": 1, ""52"": 1, ""53"": 1, ""55"": 1, ""58"": 1, ""59"": 1, ""61"": 1}"
65,small,f1636_00,133,41,106,27,"{""0"": 11, ""1"": 12, ""2"": 8, ""3"": 12, ""4"": 11, ""5"": 8, ""6"": 11, ""7"": 10, ""8"": 8, ""9"": 10, ""12"": 1, ""14"": 1, ""16"": 1, ""17"": 1, ""18"": 2, ""21"": 1, ""22"": 1, ""24"": 1, ""26"": 1, ""27"": 1, ""28"": 1, ""29"": 1, ""30"": 1, ""31"": 1, ""32"": 1, ""33"": 1, ""34"": 1, ""35"": 1, ""37"": 1, ""40"": 1, ""43"": 1, ""44"": 1, ""46"": 1, ""47"": 1, ""49"": 1, ""50"": 1, ""52"": 1, ""54"": 1, ""56"": 1, ""57"": 1, ""59"": 1}"
66,small,f1672_35,129,51,103,26,"{""0"": 11, ""1"": 11, ""2"": 10, ""3"": 8, ""4"": 5, ""5"": 3, ""6"": 8, ""7"": 11, ""8"": 9, ""9"": 10, ""10"": 1, ""11"": 1, ""12"": 1, ""13"": 1, ""14"": 1, ""15"": 1, ""16"": 1, ""17"": 1, ""18"": 2, ""19"": 1, ""20"": 1, ""21"": 1, ""22"": 1, ""24"": 1, ""25"": 1, ""26"": 1, ""27"": 1, ""28"": 1, ""29"": 1, ""31"": 1, ""32"": 1, ""34"": 1, ""35"": 1, ""37"": 1, ""39"": 1, ""40"": 1, ""41"": 1, ""43"": 1, ""44"": 2, ""46"": 1, ""47"": 1, ""48"": 1, ""49"": 1, ""50"": 1, ""53"": 1, ""55"": 1, ""56"": 1, ""57"": 1, ""58"": 1, ""59"": 1, ""61"": 1}"
67,small,f1687_40,132,48,106,26,"{""0"": 10, ""1"": 13, ""2"": 10, ""3"": 10, ""4"": 11, ""5"": 6, ""6"": 9, ""7"": 10, ""8"": 6, ""9"": 9, ""10"": 1, ""11"": 1, ""12"": 1, ""13"": 1, ""14"": 1, ""16"": 1, ""17"": 1, ""18"": 1, ""20"": 1, ""21"": 1, ""22"": 1, ""24"": 1, ""26"": 1, ""27"": 1, ""28"": 1, ""31"": 1, ""32"": 1, ""33"": 1, ""34"": 1, ""35"": 1, ""36"": 1, ""37"": 1, ""38"": 1, ""43"": 1, ""44"": 1, ""45"": 1, ""46"": 1, ""47"": 1, ""48"": 1, ""50"": 1, ""51"": 1, ""53"": 1, ""54"": 1, ""55"": 1, ""56"": 1, ""59"": 1, ""60"": 1, ""61"": 1}"
68,small,f1743_33,129,55,103,26,"{""0"": 13, ""1"": 10, ""2"": 9, ""3"": 9, ""4"": 6, ""5"": 6, ""6"": 8, ""7"": 5, ""8"": 10, ""9"": 8, ""10"": 1, ""11"": 1, ""13"": 1, ""14"": 1, ""15"": 1, ""16"": 1, ""17"": 1, ""19"": 1, ""20"": 1, ""22"": 1, ""23"": 1, ""24"": 1, ""25"": 1, ""26"": 1, ""27"": 1, ""28"": 1, ""29"": 1, ""30"": 1, ""31"": 1, ""32"": 1, ""33"": 1, ""34"": 1, ""35"": 1, ""36"": 1, ""37"": 1, ""38"": 1, ""39"": 1, ""40"": 1, ""41"": 1, ""42"": 1, ""43"": 1, ""44"": 1, ""45"": 1, ""47"": 1, ""48"": 1, ""49"": 1, ""50"": 1, ""53"": 1, ""54"": 1, ""55"": 1, ""56"": 1, ""58"": 1, ""59"": 1, ""60"": 1, ""61"": 1}"
69,small,f1747_44,130,43,104,26,"{""0"": 10, ""1"": 13, ""2"": 12, ""3"": 10, ""4"": 6, ""5"": 6, ""6"": 10, ""7"": 9, ""8"": 11, ""9"": 10, ""10"": 1, ""11"": 1, ""12"": 1, ""13"": 1, ""14"": 1, ""15"": 1, ""16"": 1, ""17"": 1, ""18"": 1, ""19"": 1, ""20"": 1, ""21"": 1, ""22"": 1, ""23"": 1, ""24"": 1, ""25"": 1, ""26"": 1, ""27"": 1, ""28"": 1, ""29"": 1, ""30"": 1, ""32"": 1, ""33"": 1, ""34"": 1, ""35"": 1, ""36"": 1, ""37"": 1, ""39"": 1, ""48"": 1, ""49"": 1, ""51"": 1, ""53"": 1, ""58"": 1}"
70,small,f1759_19,128,52,102,26,"{""0"": 10, ""1"": 13, ""2"": 10, ""3"": 5, ""4"": 8, ""5"": 6, ""6"": 7, ""7"": 12, ""8"": 5, ""9"": 10, ""11"": 1, ""12"": 1, ""14"": 1, ""15"": 1, ""16"": 1, ""17"": 1, ""20"": 1, ""21"": 1, ""22"": 1, ""25"": 1, ""27"": 1, ""28"": 1, ""29"": 1, ""30"": 1, ""31"": 1, ""32"": 1, ""33"": 1, ""34"": 1, ""35"": 1, ""36"": 1, ""37"": 1, ""39"": 1, ""40"": 1, ""41"": 1, ""42"": 1, ""44"": 1, ""45"": 1, ""46"": 1, ""47"": 1, ""48"": 1, ""49"": 1, ""50"": 1, ""51"": 1, ""52"": 1, ""53"": 1, ""54"": 1, ""55"": 1, ""56"": 1, ""57"": 1, ""58"": 1, ""59"": 1, ""60"": 1}"
71,small,f1771_46,128,33,102,26,"{""0"": 12, ""1"": 12, ""2"": 8, ""3"": 12, ""4"": 11, ""5"": 10, ""6"": 8, ""7"": 9, ""8"": 12, ""9"": 11, ""13"": 1, ""15"": 1, ""17"": 1, ""18"": 1, ""23"": 1, ""25"": 1, ""28"": 1, ""29"": 1, ""32"": 1, ""34"": 1, ""35"": 1, ""36"": 1, ""37"": 1, ""41"": 1, ""44"": 1, ""45"": 1, ""48"": 1, ""50"": 1, ""53"": 1, ""54"": 1, ""56"": 1, ""57"": 1, ""58"": 1}"
72,small,f1780_04,125,52,100,25,"{""0"": 10, ""1"": 8, ""2"": 10, ""3"": 9, ""4"": 5, ""5"": 3, ""6"": 8, ""7"": 9, ""8"": 10, ""9"": 11, ""11"": 1, ""13"": 1, ""14"": 1, ""15"": 1, ""18"": 1, ""19"": 1, ""21"": 1, ""22"": 1, ""24"": 1, ""25"": 1, ""26"": 1, ""27"": 1, ""28"": 1, ""29"": 1, ""30"": 1, ""31"": 1, ""32"": 1, ""33"": 1, ""34"": 1, ""35"": 1, ""36"": 1, ""37"": 1, ""38"": 1, ""39"": 1, ""40"": 1, ""41"": 1, ""42"": 1, ""43"": 1, ""44"": 1, ""45"": 1, ""47"": 1, ""48"": 1, ""50"": 1, ""51"": 1, ""52"": 1, ""53"": 1, ""54"": 1, ""56"": 1, ""57"": 1, ""58"": 1, ""59"": 1, ""61"": 1}"
73,small,f1782_05,132,37,106,26,"{""0"": 11, ""1"": 13, ""2"": 9, ""3"": 12, ""4"": 10, ""5"": 9, ""6"": 10, ""7"": 12, ""8"": 9, ""9"": 10, ""14"": 1, ""16"": 1, ""17"": 1, ""20"": 1, ""21"": 1, ""24"": 1, ""26"": 1, ""27"": 1, ""28"": 1, ""30"": 1, ""33"": 1, ""34"": 1, ""36"": 1, ""38"": 1, ""39"": 1, ""40"": 1, ""42"": 1, ""43"": 1, ""45"": 1, ""46"": 1, ""49"": 1, ""55"": 1, ""56"": 1, ""57"": 1, ""59"": 1, ""60"": 1, ""61"": 1}"
74,small,f1786_08,125,50,100,25,"{""0"": 9, ""1"": 8, ""2"": 8, ""3"": 7, ""4"": 9, ""5"": 8, ""6"": 10, ""7"": 9, ""8"": 8, ""9"": 9, ""10"": 1, ""11"": 1, ""12"": 1, ""13"": 1, ""14"": 1, ""15"": 1, ""16"": 1, ""17"": 1, ""23"": 1, ""24"": 1, ""25"": 1, ""26"": 1, ""27"": 1, ""28"": 1, ""30"": 1, ""31"": 1, ""32"": 1, ""33"": 1, ""36"": 1, ""37"": 1, ""38"": 1, ""39"": 1, ""40"": 1, ""41"": 1, ""42"": 1, ""43"": 1, ""44"": 1, ""45"": 1, ""46"": 1, ""49"": 1, ""50"": 1, ""51"": 1, ""52"": 1, ""53"": 1, ""55"": 1, ""57"": 1, ""58"": 1, ""59"": 1, ""60"": 1, ""61"": 1}"
75,small,f1789_37,128,15,102,26,"{""0"": 12, ""1"": 13, ""2"": 13, ""3"": 13, ""4"": 11, ""5"": 12, ""6"": 13, ""7"": 12, ""8"": 13, ""9"": 11, ""10"": 1, ""14"": 1, ""19"": 1, ""21"": 1, ""24"": 1}"
76,small,f1793_33,129,46,103,26,"{""0"": 10, ""1"": 13, ""2"": 8, ""3"": 12, ""4"": 8, ""5"": 5, ""6"": 8, ""7"": 9, ""8"": 9, ""9"": 10, ""12"": 1, ""15"": 1, ""16"": 1, ""17"": 1, ""18"": 1, ""19"": 1, ""21"": 1, ""23"": 1, ""24"": 1, ""26"": 1, ""29"": 1, ""30"": 1, ""31"": 1, ""32"": 1, ""33"": 1, ""34"": 1, ""35"": 1, ""36"": 1, ""37"": 1, ""38"": 1, ""39"": 1, ""42"": 1, ""43"": 1, ""46"": 1, ""47"": 1, ""49"": 2, ""50"": 1, ""53"": 1, ""54"": 1, ""55"": 1, ""56"": 1, ""57"": 1, ""58"": 1, ""59"": 1, ""60"": 1, ""61"": 1}"
77,small,f1794_07,129,45,103,26,"{""0"": 12, ""1"": 10, ""2"": 8, ""3"": 9, ""4"": 10, ""5"": 7, ""6"": 9, ""7"": 10, ""8"": 9, ""9"": 10, ""11"": 1, ""12"": 1, ""13"": 1, ""16"": 1, ""19"": 1, ""20"": 1, ""21"": 1, ""24"": 1, ""25"": 1, ""26"": 1, ""27"": 1, ""28"": 1, ""30"": 1, ""31"": 1, ""33"": 1, ""34"": 1, ""35"": 1, ""36"": 1, ""37"": 1, ""38"": 1, ""39"": 1, ""42"": 1, ""43"": 1, ""45"": 1, ""46"": 1, ""48"": 1, ""49"": 1, ""50"": 1, ""51"": 1, ""52"": 1, ""54"": 1, ""55"": 1, ""59"": 1, ""60"": 1, ""61"": 1}"
78,small,f1808_13,129,43,103,26,"{""0"": 11, ""1"": 9, ""2"": 12, ""3"": 8, ""4"": 11, ""5"": 5, ""6"": 11, ""7"": 10, ""8"": 8, ""9"": 10, ""11"": 1, ""12"": 1, ""13"": 1, ""14"": 1, ""18"": 1, ""19"": 1, ""20"": 1, ""21"": 1, ""22"": 1, ""24"": 1, ""25"": 1, ""26"": 1, ""27"": 1, ""28"": 1, ""29"": 1, ""30"": 1, ""31"": 1, ""32"": 1, ""33"": 1, ""35"": 1, ""36"": 1, ""38"": 1, ""39"": 1, ""43"": 1, ""50"": 1, ""51"": 1, ""52"": 2, ""55"": 1, ""56"": 1, ""57"": 1, ""58"": 1, ""59"": 1, ""61"": 1}"
79,small,f1829_17,127,47,102,25,"{""0"": 12, ""1"": 11, ""2"": 5, ""3"": 9, ""4"": 12, ""5"": 8, ""6"": 7, ""7"": 12, ""8"": 7, ""9"": 7, ""12"": 1, ""13"": 1, ""16"": 1, ""17"": 1, ""20"": 1, ""23"": 1, ""24"": 1, ""25"": 1, ""30"": 1, ""31"": 1, ""32"": 1, ""33"": 1, ""34"": 1, ""35"": 1, ""36"": 1, ""37"": 1, ""39"": 1, ""40"": 1, ""42"": 1, ""43"": 1, ""44"": 1, ""45"": 1, ""46"": 1, ""47"": 1, ""48"": 1, ""49"": 1, ""50"": 1, ""51"": 1, ""52"": 1, ""53"": 1, ""54"": 1, ""56"": 1, ""57"": 1, ""58"": 1, ""59"": 1, ""60"": 1, ""61"": 1}"
80,small,f1860_06,133,41,106,27,"{""0"": 10, ""1"": 13, ""2"": 12, ""3"": 10, ""4"": 9, ""5"": 9, ""6"": 9, ""7"": 12, ""8"": 8, ""9"": 8, ""10"": 1, ""11"": 1, ""12"": 1, ""14"": 1, ""15"": 1, ""17"": 1, ""18"": 1, ""19"": 1, ""20"": 1, ""21"": 1, ""22"": 1, ""24"": 1, ""25"": 1, ""28"": 1, ""29"": 1, ""30"": 1, ""31"": 1, ""32"": 1, ""33"": 1, ""34"": 1, ""35"": 1, ""36"": 1, ""39"": 1, ""43"": 1, ""44"": 3, ""46"": 1, ""47"": 1, ""50"": 1, ""53"": 1, ""59"": 1, ""61"": 1}"
81,small,f1868_06,130,50,104,26,"{""0"": 13, ""1"": 9, ""2"": 8, ""3"": 7, ""4"": 7, ""5"": 9, ""6"": 9, ""7"": 8, ""8"": 8, ""9"": 8, ""10"": 1, ""12"": 1, ""13"": 1, ""15"": 1, ""17"": 1, ""18"": 1, ""19"": 1, ""20"": 1, ""21"": 1, ""22"": 1, ""23"": 1, ""24"": 1, ""25"": 1, ""26"": 1, ""27"": 1, ""28"": 1, ""29"": 1, ""31"": 1, ""32"": 1, ""33"": 1, ""34"": 1, ""35"": 1, ""37"": 1, ""38"": 1, ""39"": 1, ""42"": 1, ""43"": 1, ""44"": 3, ""47"": 2, ""48"": 1, ""50"": 1, ""51"": 2, ""52"": 1, ""53"": 1, ""55"": 1, ""56"": 1, ""57"": 1, ""58"": 1, ""59"": 1, ""61"": 1}"
82,small,f1876_22,127,47,102,25,"{""0"": 10, ""1"": 8, ""2"": 8, ""3"": 10, ""4"": 6, ""5"": 5, ""6"": 10, ""7"": 10, ""8"": 12, ""9"": 11, ""10"": 1, ""11"": 1, ""13"": 1, ""14"": 1, ""15"": 1, ""16"": 1, ""17"": 1, ""18"": 1, ""19"": 1, ""20"": 1, ""22"": 1, ""23"": 1, ""24"": 1, ""25"": 1, ""26"": 1, ""27"": 1, ""29"": 1, ""30"": 1, ""31"": 1, ""32"": 1, ""35"": 1, ""38"": 1, ""39"": 1, ""40"": 1, ""42"": 1, ""44"": 1, ""46"": 1, ""48"": 1, ""49"": 1, ""50"": 1, ""51"": 1, ""52"": 1, ""55"": 1, ""57"": 1, ""58"": 1, ""60"": 1, ""61"": 1}"
83,small,f1898_09,129,54,103,26,"{""0"": 12, ""1"": 10, ""2"": 8, ""3"": 8, ""4"": 10, ""5"": 4, ""6"": 9, ""7"": 12, ""8"": 4, ""9"": 8, ""11"": 1, ""13"": 1, ""14"": 1, ""15"": 1, ""17"": 1, ""18"": 1, ""19"": 1, ""20"": 1, ""21"": 1, ""24"": 1, ""25"": 1, ""27"": 1, ""28"": 1, ""29"": 1, ""30"": 1, ""31"": 1, ""32"": 1, ""34"": 1, ""35"": 1, ""36"": 1, ""37"": 1, ""38"": 1, ""39"": 1, ""40"": 1, ""41"": 1, ""42"": 1, ""43"": 1, ""44"": 1, ""45"": 1, ""46"": 1, ""47"": 1, ""48"": 1, ""49"": 1, ""50"": 1, ""52"": 1, ""53"": 1, ""54"": 1, ""55"": 1, ""56"": 1, ""57"": 1, ""58"": 1, ""59"": 1, ""60"": 1, ""61"": 1}"
84,small,f1915_00,129,60,103,26,"{""0"": 9, ""1"": 8, ""2"": 7, ""3"": 10, ""4"": 8, ""5"": 3, ""6"": 7, ""7"": 10, ""8"": 9, ""9"": 8, ""10"": 1, ""11"": 1, ""12"": 1, ""13"": 1, ""14"": 1, ""15"": 1, ""16"": 1, ""17"": 1, ""18"": 1, ""19"": 1, ""20"": 1, ""21"": 1, ""22"": 1, ""23"": 1, ""24"": 1, ""25"": 1, ""26"": 1, ""27"": 1, ""28"": 1, ""29"": 1, ""30"": 1, ""31"": 1, ""32"": 1, ""33"": 1, ""34"": 1, ""35"": 1, ""36"": 1, ""37"": 1, ""38"": 1, ""39"": 1, ""40"": 1, ""41"": 1, ""42"": 1, ""43"": 1, ""44"": 1, ""45"": 1, ""46"": 1, ""48"": 1, ""49"": 1, ""50"": 1, ""51"": 1, ""52"": 1, ""53"": 1, ""54"": 1, ""55"": 1, ""56"": 1, ""57"": 1, ""58"": 1, ""60"": 1, ""61"": 1}"
85,small,f1928_20,130,49,104,26,"{""0"": 12, ""1"": 11, ""2"": 6, ""3"": 8, ""4"": 9, ""5"": 9, ""6"": 10, ""7"": 9, ""8"": 9, ""9"": 6, ""11"": 1, ""14"": 1, ""15"": 1, ""16"": 1, ""17"": 1, ""18"": 1, ""21"": 1, ""22"": 1, ""23"": 1, ""25"": 2, ""26"": 1, ""27"": 1, ""28"": 1, ""29"": 1, ""31"": 1, ""32"": 1, ""33"": 1, ""35"": 1, ""36"": 1, ""37"": 1, ""38"": 1, ""39"": 1, ""40"": 1, ""42"": 1, ""43"": 1, ""44"": 1, ""46"": 1, ""48"": 1, ""49"": 1, ""50"": 1, ""51"": 1, ""52"": 1, ""55"": 1, ""56"": 1, ""57"": 1, ""58"": 1, ""59"": 1, ""60"": 2, ""61"": 1}"
86,small,f1958_33,131,46,105,26,"{""0"": 12, ""1"": 10, ""2"": 13, ""3"": 11, ""4"": 6, ""5"": 4, ""6"": 9, ""7"": 9, ""8"": 9, ""9"": 12, ""17"": 1, ""21"": 1, ""22"": 1, ""23"": 1, ""25"": 1, ""26"": 1, ""27"": 1, ""30"": 1, ""31"": 1, ""32"": 1, ""34"": 1, ""36"": 1, ""37"": 1, ""38"": 1, ""39"": 1, ""40"": 1, ""41"": 1, ""42"": 1, ""43"": 1, ""44"": 1, ""45"": 1, ""46"": 1, ""47"": 1, ""48"": 1, ""49"": 1, ""50"": 1, ""51"": 1, ""52"": 1, ""53"": 1, ""54"": 1, ""55"": 1, ""56"": 1, ""58"": 1, ""59"": 1, ""60"": 1, ""61"": 1}"
87,small,f1966_31,129,48,103,26,"{""0"": 8, ""1"": 13, ""2"": 11, ""3"": 9, ""4"": 5, ""5"": 8, ""6"": 7, ""7"": 7, ""8"": 10, ""9"": 10, ""14"": 1, ""15"": 1, ""17"": 1, ""18"": 1, ""19"": 1, ""20"": 1, ""22"": 1, ""24"": 1, ""25"": 1, ""26"": 1, ""27"": 1, ""28"": 1, ""30"": 1, ""31"": 1, ""32"": 1, ""33"": 1, ""35"": 1, ""36"": 3, ""37"": 1, ""38"": 1, ""39"": 1, ""40"": 1, ""41"": 1, ""43"": 1, ""44"": 1, ""45"": 1, ""46"": 1, ""47"": 1, ""48"": 1, ""50"": 1, ""51"": 1, ""53"": 1, ""54"": 1, ""56"": 1, ""57"": 2, ""58"": 1, ""59"": 1, ""61"": 1}"
88,small,f1975_00,127,35,102,25,"{""0"": 11, ""1"": 12, ""2"": 8, ""3"": 9, ""4"": 10, ""5"": 7, ""6"": 11, ""7"": 13, ""8"": 11, ""9"": 9, ""12"": 1, ""14"": 1, ""15"": 1, ""16"": 1, ""17"": 1, ""18"": 1, ""23"": 1, ""24"": 1, ""27"": 1, ""31"": 1, ""33"": 1, ""35"": 1, ""36"": 2, ""37"": 1, ""41"": 1, ""44"": 1, ""46"": 1, ""47"": 1, ""48"": 1, ""49"": 1, ""50"": 1, ""54"": 1, ""57"": 1, ""58"": 1, ""59"": 1}"
89,small,f1982_16,125,49,100,25,"{""0"": 6, ""1"": 12, ""2"": 10, ""3"": 9, ""4"": 6, ""5"": 7, ""6"": 7, ""7"": 10, ""8"": 10, ""9"": 9, ""11"": 1, ""12"": 1, ""13"": 1, ""14"": 1, ""15"": 1, ""17"": 1, ""18"": 1, ""20"": 1, ""21"": 1, ""22"": 1, ""23"": 1, ""24"": 1, ""25"": 1, ""26"": 1, ""30"": 1, ""31"": 1, ""32"": 1, ""33"": 1, ""34"": 1, ""35"": 1, ""37"": 1, ""38"": 1, ""40"": 1, ""42"": 1, ""43"": 1, ""44"": 1, ""46"": 1, ""47"": 1, ""48"": 1, ""49"": 1, ""50"": 1, ""51"": 1, ""52"": 1, ""53"": 1, ""54"": 1, ""56"": 1, ""58"": 1, ""59"": 1, ""61"": 1}"
90,small,f2005_01,133,36,106,27,"{""0"": 10, ""1"": 11, ""2"": 11, ""3"": 13, ""4"": 12, ""5"": 8, ""6"": 11, ""7"": 10, ""8"": 9, ""9"": 12, ""11"": 1, ""12"": 1, ""17"": 1, ""20"": 1, ""21"": 1, ""22"": 1, ""23"": 1, ""26"": 1, ""32"": 1, ""33"": 1, ""36"": 1, ""37"": 1, ""38"": 1, ""39"": 1, ""40"": 1, ""42"": 1, ""43"": 1, ""47"": 1, ""48"": 1, ""49"": 1, ""50"": 1, ""53"": 1, ""55"": 1, ""56"": 1, ""57"": 1, ""58"": 1}"
91,small,f2031_31,128,36,102,26,"{""0"": 13, ""1"": 12, ""2"": 10, ""3"": 7, ""4"": 11, ""5"": 7, ""6"": 12, ""7"": 11, ""8"": 10, ""9"": 9, ""36"": 1, ""37"": 1, ""38"": 1, ""39"": 1, ""40"": 1, ""41"": 1, ""42"": 1, ""43"": 1, ""44"": 1, ""45"": 1, ""46"": 1, ""47"": 1, ""48"": 1, ""49"": 1, ""50"": 1, ""51"": 1, ""52"": 1, ""53"": 1, ""54"": 1, ""55"": 1, ""56"": 1, ""57"": 1, ""58"": 1, ""59"": 1, ""60"": 1, ""61"": 1}"
92,small,f2145_89,129,41,103,26,"{""0"": 8, ""1"": 11, ""2"": 12, ""3"": 6, ""4"": 10, ""5"": 10, ""6"": 9, ""7"": 12, ""8"": 7, ""9"": 11, ""10"": 1, ""11"": 1, ""13"": 1, ""16"": 1, ""17"": 1, ""19"": 1, ""20"": 1, ""21"": 1, ""22"": 1, ""25"": 1, ""26"": 1, ""27"": 1, ""28"": 1, ""31"": 1, ""32"": 1, ""33"": 1, ""34"": 1, ""36"": 2, ""38"": 1, ""39"": 1, ""40"": 1, ""41"": 1, ""43"": 2, ""46"": 1, ""47"": 1, ""48"": 1, ""50"": 1, ""54"": 1, ""56"": 1, ""58"": 1, ""59"": 1}"
93,small,f2153_90,125,39,100,25,"{""0"": 3, ""1"": 12, ""2"": 10, ""3"": 9, ""4"": 11, ""5"": 9, ""6"": 7, ""7"": 8, ""8"": 8, ""9"": 9, ""10"": 1, ""13"": 1, ""14"": 1, ""15"": 1, ""16"": 1, ""18"": 2, ""21"": 1, ""23"": 1, ""25"": 1, ""27"": 1, ""28"": 1, ""29"": 1, ""30"": 1, ""31"": 2, ""32"": 1, ""33"": 1, ""35"": 2, ""38"": 1, ""41"": 2, ""43"": 1, ""44"": 4, ""47"": 4, ""49"": 1, ""53"": 1, ""54"": 1, ""55"": 1, ""57"": 1, ""58"": 1, ""59"": 1}"
94,small,f2225_86,127,53,102,25,"{""0"": 6, ""1"": 13, ""2"": 9, ""3"": 7, ""4"": 9, ""5"": 6, ""6"": 8, ""7"": 11, ""8"": 5, ""9"": 7, ""10"": 1, ""11"": 1, ""13"": 1, ""14"": 1, ""17"": 1, ""18"": 3, ""19"": 1, ""20"": 1, ""21"": 1, ""22"": 1, ""24"": 1, ""25"": 1, ""26"": 1, ""27"": 1, ""28"": 1, ""29"": 1, ""30"": 1, ""32"": 1, ""33"": 1, ""34"": 1, ""36"": 1, ""37"": 1, ""38"": 1, ""39"": 1, ""40"": 1, ""41"": 1, ""42"": 1, ""46"": 1, ""47"": 2, ""48"": 1, ""49"": 1, ""50"": 1, ""51"": 1, ""52"": 1, ""53"": 1, ""54"": 1, ""55"": 1, ""56"": 1, ""57"": 1, ""58"": 1, ""59"": 1, ""60"": 1, ""61"": 1}"
95,small,f2232_76,131,46,105,26,"{""0"": 6, ""1"": 12, ""2"": 14, ""3"": 5, ""4"": 11, ""5"": 4, ""6"": 9, ""7"": 9, ""8"": 9, ""9"": 10, ""10"": 1, ""11"": 1, ""12"": 2, ""14"": 1, ""15"": 1, ""17"": 1, ""19"": 1, ""20"": 1, ""21"": 1, ""22"": 1, ""23"": 2, ""24"": 1, ""25"": 1, ""27"": 1, ""29"": 2, ""33"": 1, ""34"": 1, ""36"": 1, ""37"": 1, ""38"": 1, ""39"": 1, ""41"": 1, ""42"": 1, ""43"": 2, ""46"": 1, ""47"": 3, ""50"": 1, ""53"": 1, ""54"": 1, ""55"": 1, ""56"": 1, ""57"": 1, ""58"": 1, ""59"": 1, ""60"": 1, ""61"": 1}"
96,small,f2549_82,125,43,100,25,"{""0"": 9, ""1"": 13, ""2"": 5, ""3"": 9, ""4"": 7, ""5"": 5, ""6"": 13, ""7"": 12, ""8"": 9, ""9"": 7, ""10"": 1, ""12"": 1, ""13"": 1, ""15"": 1, ""16"": 1, ""17"": 1, ""18"": 3, ""20"": 1, ""23"": 1, ""24"": 1, ""25"": 1, ""26"": 1, ""28"": 1, ""29"": 1, ""31"": 1, ""32"": 1, ""33"": 1, ""36"": 1, ""37"": 1, ""40"": 1, ""41"": 1, ""44"": 1, ""46"": 1, ""47"": 2, ""48"": 1, ""49"": 1, ""50"": 1, ""53"": 1, ""54"": 1, ""56"": 1, ""57"": 1, ""58"": 1, ""59"": 1}"
97,small,f3566_36,125,21,100,25,"{""0"": 13, ""1"": 17, ""2"": 11, ""3"": 11, ""4"": 7, ""5"": 8, ""6"": 6, ""7"": 15, ""8"": 12, ""9"": 14, ""17"": 1, ""19"": 1, ""20"": 1, ""21"": 1, ""39"": 1, ""43"": 1, ""53"": 1, ""54"": 1, ""55"": 1, ""57"": 1, ""61"": 1}"
98,small,f3720_15,125,53,100,25,"{""0"": 8, ""1"": 7, ""2"": 8, ""3"": 7, ""4"": 8, ""5"": 9, ""6"": 10, ""7"": 8, ""8"": 9, ""9"": 6, ""10"": 1, ""11"": 1, ""12"": 1, ""13"": 1, ""14"": 1, ""16"": 1, ""18"": 2, ""19"": 1, ""20"": 1, ""21"": 1, ""22"": 1, ""23"": 1, ""24"": 1, ""25"": 1, ""26"": 1, ""27"": 1, ""28"": 1, ""29"": 1, ""30"": 1, ""31"": 1, ""32"": 1, ""33"": 1, ""34"": 1, ""35"": 1, ""37"": 1, ""38"": 1, ""39"": 1, ""40"": 1, ""41"": 1, ""42"": 2, ""43"": 1, ""45"": 1, ""46"": 1, ""47"": 1, ""50"": 1, ""51"": 1, ""54"": 1, ""55"": 1, ""56"": 1, ""57"": 1, ""58"": 1, ""59"": 1, ""60"": 1}"
99,small,f3951_47,130,48,104,26,"{""0"": 12, ""1"": 13, ""2"": 9, ""3"": 7, ""4"": 9, ""5"": 8, ""6"": 12, ""7"": 8, ""8"": 7, ""9"": 5, ""10"": 1, ""13"": 1, ""14"": 1, ""15"": 1, ""16"": 1, ""17"": 1, ""18"": 1, ""21"": 1, ""24"": 1, ""25"": 1, ""27"": 1, ""30"": 1, ""31"": 1, ""32"": 1, ""33"": 1, ""34"": 1, ""35"": 1, ""36"": 1, ""37"": 1, ""38"": 1, ""39"": 1, ""41"": 1, ""44"": 1, ""45"": 1, ""46"": 2, ""47"": 1, ""48"": 1, ""49"": 1, ""50"": 1, ""51"": 1, ""52"": 2, ""53"": 1, ""54"": 1, ""56"": 1, ""57"": 1, ""58"": 1, ""60"": 1, ""61"": 1}"
