split,center_id,center_name,row_index,label,class_name
train,0,BCN,11,4,BKL
train,0,BCN,17,7,SCC
train,0,BCN,47,3,AK
train,0,BCN,55,6,VASC
train,0,BCN,65,2,BCC
train,0,BCN,89,2,BCC
train,0,BCN,99,4,BKL
train,0,BCN,102,2,BCC
train,0,BCN,112,1,NV
train,0,BCN,150,0,MEL
train,0,BCN,169,1,NV
train,0,BCN,173,0,MEL
train,0,BCN,197,0,MEL
train,0,BCN,207,2,BCC
train,0,BCN,219,4,BKL
train,0,BCN,231,3,AK
train,0,BCN,243,4,BKL
train,0,BCN,261,0,MEL
train,0,BCN,263,0,MEL
train,0,BCN,266,1,NV
train,0,BCN,280,4,BKL
train,0,BCN,292,2,BCC
train,0,BCN,301,0,MEL
train,0,BCN,304,0,MEL
train,0,BCN,307,2,BCC
train,0,BCN,308,2,BCC
train,0,BCN,309,0,MEL
train,0,BCN,327,0,MEL
train,0,BCN,330,1,NV
train,0,BCN,343,1,NV
train,0,BCN,347,0,MEL
train,0,BCN,383,0,MEL
train,0,BCN,395,1,NV
train,0,BCN,406,1,NV
train,0,BCN,412,0,MEL
train,0,BCN,447,2,BCC
train,0,BCN,452,4,BKL
train,0,BCN,462,2,BCC
train,0,BCN,473,0,MEL
train,0,BCN,474,2,BCC
train,0,BCN,480,0,MEL
train,0,BCN,490,1,NV
train,0,BCN,500,2,BCC
train,0,BCN,502,1,NV
train,0,BCN,507,1,NV
train,0,BCN,509,2,BCC
train,0,BCN,511,1,NV
train,0,BCN,524,7,SCC
train,0,BCN,540,0,MEL
train,0,BCN,541,1,NV
train,0,BCN,552,4,BKL
train,0,BCN,558,1,NV
train,0,BCN,561,1,NV
train,0,BCN,570,1,NV
train,0,BCN,580,7,SCC
train,0,BCN,597,1,NV
train,0,BCN,598,1,NV
train,0,BCN,626,1,NV
train,0,BCN,631,0,MEL
train,0,BCN,644,1,NV
train,0,BCN,655,1,NV
train,0,BCN,656,4,BKL
train,0,BCN,668,1,NV
train,0,BCN,674,2,BCC
train,0,BCN,683,4,BKL
train,0,BCN,697,0,MEL
train,0,BCN,702,1,NV
train,0,BCN,710,1,NV
train,0,BCN,718,4,BKL
train,0,BCN,724,4,BKL
train,0,BCN,746,2,BCC
train,0,BCN,766,1,NV
train,0,BCN,772,0,MEL
train,0,BCN,788,1,NV
train,0,BCN,796,1,NV
train,0,BCN,831,3,AK
train,0,BCN,839,0,MEL
train,0,BCN,844,2,BCC
train,0,BCN,847,1,NV
train,0,BCN,896,0,MEL
train,0,BCN,900,1,NV
train,0,BCN,909,1,NV
train,0,BCN,914,1,NV
train,0,BCN,918,4,BKL
train,0,BCN,919,2,BCC
train,0,BCN,929,2,BCC
train,0,BCN,946,1,NV
train,0,BCN,951,0,MEL
train,0,BCN,964,1,NV
train,0,BCN,981,2,BCC
train,0,BCN,987,0,MEL
train,0,BCN,999,1,NV
train,0,BCN,1000,7,SCC
train,0,BCN,1016,1,NV
train,0,BCN,1020,0,MEL
train,0,BCN,1023,1,NV
train,0,BCN,1029,0,MEL
train,0,BCN,1037,0,MEL
train,0,BCN,1047,0,MEL
train,0,BCN,1048,0,MEL
train,0,BCN,1059,1,NV
train,0,BCN,1080,0,MEL
train,0,BCN,1102,1,NV
train,0,BCN,1132,2,BCC
train,0,BCN,1146,0,MEL
train,0,BCN,1170,4,BKL
train,0,BCN,1182,1,NV
train,0,BCN,1189,1,NV
train,0,BCN,1194,4,BKL
train,0,BCN,1200,2,BCC
train,0,BCN,1202,0,MEL
train,0,BCN,1205,2,BCC
train,0,BCN,1207,1,NV
train,0,BCN,1214,4,BKL
train,0,BCN,1232,0,MEL
train,0,BCN,1260,4,BKL
train,0,BCN,1262,1,NV
train,0,BCN,1264,2,BCC
train,0,BCN,1266,1,NV
train,0,BCN,1273,2,BCC
train,0,BCN,1286,1,NV
train,0,BCN,1297,0,MEL
train,0,BCN,1315,0,MEL
train,0,BCN,1317,1,NV
train,0,BCN,1320,2,BCC
train,0,BCN,1330,1,NV
train,0,BCN,1345,1,NV
train,0,BCN,1348,0,MEL
train,0,BCN,1359,1,NV
train,0,BCN,1366,5,DF
train,0,BCN,1368,2,BCC
train,0,BCN,1379,2,BCC
train,0,BCN,1392,0,MEL
train,0,BCN,1400,2,BCC
train,0,BCN,1410,1,NV
train,0,BCN,1417,2,BCC
train,0,BCN,1418,1,NV
train,0,BCN,1419,2,BCC
train,0,BCN,1421,0,MEL
train,0,BCN,1424,1,NV
train,0,BCN,1451,3,AK
train,0,BCN,1464,3,AK
train,0,BCN,1466,0,MEL
train,0,BCN,1476,3,AK
train,0,BCN,1494,4,BKL
train,0,BCN,1523,2,BCC
train,0,BCN,1541,3,AK
train,0,BCN,1561,3,AK
train,0,BCN,1562,1,NV
train,0,BCN,1570,3,AK
train,0,BCN,1575,2,BCC
train,0,BCN,1590,2,BCC
train,0,BCN,1595,0,MEL
train,0,BCN,1601,4,BKL
train,0,BCN,1606,1,NV
train,0,BCN,1610,0,MEL
train,0,BCN,1612,4,BKL
train,0,BCN,1618,1,NV
train,0,BCN,1629,0,MEL
train,0,BCN,1632,2,BCC
train,0,BCN,1633,1,NV
train,0,BCN,1648,1,NV
train,0,BCN,1649,1,NV
train,0,BCN,1652,0,MEL
train,0,BCN,1655,4,BKL
train,0,BCN,1666,1,NV
train,0,BCN,1696,1,NV
train,0,BCN,1706,2,BCC
train,0,BCN,1719,1,NV
train,0,BCN,1724,1,NV
train,0,BCN,1744,0,MEL
train,0,BCN,1770,1,NV
train,0,BCN,1771,1,NV
train,0,BCN,1774,2,BCC
train,0,BCN,1778,0,MEL
train,0,BCN,1809,2,BCC
train,0,BCN,1810,2,BCC
train,0,BCN,1816,2,BCC
train,0,BCN,1818,1,NV
train,0,BCN,1833,1,NV
train,0,BCN,1834,2,BCC
train,0,BCN,1879,0,MEL
train,0,BCN,1886,7,SCC
train,0,BCN,1895,3,AK
train,0,BCN,1908,1,NV
train,0,BCN,1913,0,MEL
train,0,BCN,1941,4,BKL
train,0,BCN,1942,1,NV
train,0,BCN,1987,0,MEL
train,0,BCN,1993,2,BCC
train,0,BCN,2003,1,NV
train,0,BCN,2014,2,BCC
train,0,BCN,2034,1,NV
train,0,BCN,2038,1,NV
train,0,BCN,2043,5,DF
train,0,BCN,2044,7,SCC
train,0,BCN,2051,0,MEL
train,0,BCN,2060,1,NV
train,0,BCN,2065,0,MEL
train,0,BCN,2092,5,DF
train,0,BCN,2094,7,SCC
train,0,BCN,2111,2,BCC
train,0,BCN,2126,2,BCC
train,0,BCN,2145,1,NV
train,0,BCN,2154,2,BCC
train,0,BCN,2162,2,BCC
train,0,BCN,2164,0,MEL
train,0,BCN,2176,1,NV
train,0,BCN,2197,1,NV
train,0,BCN,2206,2,BCC
train,0,BCN,2210,0,MEL
train,0,BCN,2224,0,MEL
train,0,BCN,2227,0,MEL
train,0,BCN,2247,0,MEL
train,0,BCN,2249,2,BCC
train,0,BCN,2252,2,BCC
train,0,BCN,2255,0,MEL
train,0,BCN,2259,1,NV
train,0,BCN,2296,1,NV
train,0,BCN,2323,1,NV
train,0,BCN,2333,1,NV
train,0,BCN,2343,2,BCC
train,0,BCN,2354,2,BCC
train,0,BCN,2368,0,MEL
train,0,BCN,2369,1,NV
train,0,BCN,2370,2,BCC
train,0,BCN,2377,1,NV
train,0,BCN,2385,3,AK
train,0,BCN,2404,2,BCC
train,0,BCN,2406,0,MEL
train,0,BCN,2409,1,NV
train,0,BCN,2411,7,SCC
train,0,BCN,2412,4,BKL
train,0,BCN,2414,0,MEL
train,0,BCN,2421,1,NV
train,0,BCN,2439,7,SCC
train,0,BCN,2441,1,NV
train,0,BCN,2445,1,NV
train,0,BCN,2447,1,NV
train,0,BCN,2453,2,BCC
train,0,BCN,2456,0,MEL
train,0,BCN,2466,1,NV
train,0,BCN,2468,1,NV
train,0,BCN,2475,0,MEL
train,0,BCN,2484,7,SCC
train,0,BCN,2490,1,NV
train,0,BCN,2510,0,MEL
train,0,BCN,2527,1,NV
train,0,BCN,2528,1,NV
train,0,BCN,2539,1,NV
train,0,BCN,2561,6,VASC
train,0,BCN,2572,4,BKL
train,0,BCN,2577,2,BCC
train,0,BCN,2622,0,MEL
train,0,BCN,2624,0,MEL
train,0,BCN,2627,1,NV
train,0,BCN,2628,3,AK
train,0,BCN,2632,4,BKL
train,0,BCN,2637,0,MEL
train,0,BCN,2639,2,BCC
train,0,BCN,2662,1,NV
train,0,BCN,2678,2,BCC
train,0,BCN,2682,4,BKL
train,0,BCN,2709,2,BCC
train,0,BCN,2728,7,SCC
train,0,BCN,2750,1,NV
train,0,BCN,2766,2,BCC
train,0,BCN,2773,0,MEL
train,0,BCN,2788,1,NV
train,0,BCN,2791,0,MEL
train,0,BCN,2806,4,BKL
train,0,BCN,2818,3,AK
train,0,BCN,2825,1,NV
train,0,BCN,2848,0,MEL
train,0,BCN,2854,2,BCC
train,0,BCN,2855,1,NV
train,0,BCN,2862,0,MEL
train,0,BCN,2865,4,BKL
train,0,BCN,2877,2,BCC
train,0,BCN,2880,4,BKL
train,0,BCN,2882,1,NV
train,0,BCN,2886,1,NV
train,0,BCN,2894,1,NV
train,0,BCN,2897,1,NV
train,0,BCN,2906,2,BCC
train,0,BCN,2909,2,BCC
train,0,BCN,2913,4,BKL
train,0,BCN,2916,1,NV
train,0,BCN,2921,2,BCC
train,0,BCN,2943,2,BCC
train,0,BCN,2952,3,AK
train,0,BCN,2977,0,MEL
train,0,BCN,2988,2,BCC
train,0,BCN,2991,1,NV
train,0,BCN,3002,1,NV
train,0,BCN,3029,2,BCC
train,0,BCN,3040,4,BKL
train,0,BCN,3050,2,BCC
train,0,BCN,3052,1,NV
train,0,BCN,3067,2,BCC
train,0,BCN,3070,7,SCC
train,0,BCN,3071,0,MEL
train,0,BCN,3078,1,NV
train,0,BCN,3083,1,NV
train,0,BCN,3096,2,BCC
train,0,BCN,3100,0,MEL
train,0,BCN,3117,1,NV
train,0,BCN,3118,2,BCC
train,0,BCN,3124,0,MEL
train,0,BCN,3136,4,BKL
train,0,BCN,3143,1,NV
train,0,BCN,3144,2,BCC
train,0,BCN,3145,2,BCC
train,0,BCN,3147,4,BKL
train,0,BCN,3153,1,NV
train,0,BCN,3156,1,NV
train,0,BCN,3159,1,NV
train,0,BCN,3166,2,BCC
train,0,BCN,3176,1,NV
train,0,BCN,3177,2,BCC
train,0,BCN,3181,1,NV
train,0,BCN,3182,3,AK
train,0,BCN,3183,0,MEL
train,0,BCN,3200,0,MEL
train,0,BCN,3202,3,AK
train,0,BCN,3209,2,BCC
train,0,BCN,3238,1,NV
train,0,BCN,3253,7,SCC
train,0,BCN,3257,1,NV
train,0,BCN,3273,2,BCC
train,0,BCN,3276,1,NV
train,0,BCN,3278,1,NV
train,0,BCN,3300,0,MEL
train,0,BCN,3334,1,NV
train,0,BCN,3343,0,MEL
train,0,BCN,3352,2,BCC
train,0,BCN,3362,2,BCC
train,0,BCN,3365,5,DF
train,0,BCN,3366,2,BCC
train,0,BCN,3367,1,NV
train,0,BCN,3371,3,AK
train,0,BCN,3373,2,BCC
train,0,BCN,3377,1,NV
train,0,BCN,3379,1,NV
train,0,BCN,3393,0,MEL
train,0,BCN,3403,0,MEL
train,0,BCN,3404,2,BCC
train,0,BCN,3405,1,NV
train,0,BCN,3406,1,NV
train,0,BCN,3426,2,BCC
train,0,BCN,3436,0,MEL
train,0,BCN,3440,2,BCC
train,0,BCN,3475,0,MEL
train,0,BCN,3476,1,NV
train,0,BCN,3481,1,NV
train,0,BCN,3488,2,BCC
train,0,BCN,3493,4,BKL
train,0,BCN,3506,1,NV
train,0,BCN,3511,0,MEL
train,0,BCN,3514,3,AK
train,0,BCN,3518,2,BCC
train,0,BCN,3528,1,NV
train,0,BCN,3529,0,MEL
train,0,BCN,3549,1,NV
train,0,BCN,3595,0,MEL
train,0,BCN,3605,4,BKL
train,0,BCN,3611,6,VASC
train,0,BCN,3618,0,MEL
train,0,BCN,3637,2,BCC
train,0,BCN,3642,2,BCC
train,0,BCN,3663,2,BCC
train,0,BCN,3677,0,MEL
train,0,BCN,3695,2,BCC
train,0,BCN,3704,2,BCC
train,0,BCN,3705,1,NV
train,0,BCN,3709,0,MEL
train,0,BCN,3714,3,AK
train,0,BCN,3716,0,MEL
train,0,BCN,3736,2,BCC
train,0,BCN,3760,7,SCC
train,0,BCN,3763,7,SCC
train,0,BCN,3764,2,BCC
train,0,BCN,3767,1,NV
train,0,BCN,3774,1,NV
train,0,BCN,3777,1,NV
train,0,BCN,3788,2,BCC
train,0,BCN,3810,1,NV
train,0,BCN,3816,2,BCC
train,0,BCN,3821,0,MEL
train,0,BCN,3843,1,NV
train,0,BCN,3847,4,BKL
train,0,BCN,3853,3,AK
train,0,BCN,3870,1,NV
train,0,BCN,3876,2,BCC
train,0,BCN,3877,1,NV
train,0,BCN,3890,2,BCC
train,0,BCN,3912,4,BKL
train,0,BCN,3928,1,NV
train,0,BCN,3931,0,MEL
train,0,BCN,3934,7,SCC
train,0,BCN,3949,5,DF
train,0,BCN,3957,0,MEL
train,0,BCN,3962,1,NV
train,0,BCN,3965,3,AK
train,0,BCN,3990,1,NV
train,0,BCN,4000,0,MEL
train,0,BCN,4013,2,BCC
train,0,BCN,4016,0,MEL
train,0,BCN,4024,1,NV
train,0,BCN,4053,1,NV
train,0,BCN,4055,1,NV
train,0,BCN,4072,3,AK
train,0,BCN,4073,1,NV
train,0,BCN,4077,2,BCC
train,0,BCN,4081,4,BKL
train,0,BCN,4089,2,BCC
train,0,BCN,4099,2,BCC
train,0,BCN,4104,0,MEL
train,0,BCN,4110,3,AK
train,0,BCN,4128,0,MEL
train,0,BCN,4131,0,MEL
train,0,BCN,4175,0,MEL
train,0,BCN,4180,4,BKL
train,0,BCN,4187,1,NV
train,0,BCN,4189,1,NV
train,0,BCN,4199,2,BCC
train,0,BCN,4214,0,MEL
train,0,BCN,4215,1,NV
train,0,BCN,4219,1,NV
train,0,BCN,4236,2,BCC
train,0,BCN,4244,0,MEL
train,0,BCN,4249,3,AK
train,0,BCN,4250,0,MEL
train,0,BCN,4258,1,NV
train,0,BCN,4267,3,AK
train,0,BCN,4287,1,NV
train,0,BCN,4289,2,BCC
train,0,BCN,4293,2,BCC
train,0,BCN,4294,2,BCC
train,0,BCN,4316,1,NV
train,0,BCN,4319,4,BKL
train,0,BCN,4326,2,BCC
train,0,BCN,4329,4,BKL
train,0,BCN,4351,1,NV
train,0,BCN,4355,1,NV
train,0,BCN,4358,7,SCC
train,0,BCN,4359,1,NV
train,0,BCN,4362,0,MEL
train,0,BCN,4363,0,MEL
train,0,BCN,4372,1,NV
train,0,BCN,4379,0,MEL
train,0,BCN,4387,7,SCC
train,0,BCN,4393,1,NV
train,0,BCN,4400,2,BCC
train,0,BCN,4407,2,BCC
train,0,BCN,4413,1,NV
train,0,BCN,4425,0,MEL
train,0,BCN,4426,4,BKL
train,0,BCN,4439,0,MEL
train,0,BCN,4445,1,NV
train,0,BCN,4458,1,NV
train,0,BCN,4461,1,NV
train,0,BCN,4464,2,BCC
train,0,BCN,4465,4,BKL
train,0,BCN,4490,1,NV
train,0,BCN,4491,0,MEL
train,0,BCN,4496,0,MEL
train,0,BCN,4506,6,VASC
train,0,BCN,4521,0,MEL
train,0,BCN,4523,2,BCC
train,0,BCN,4544,1,NV
train,0,BCN,4553,2,BCC
train,0,BCN,4557,6,VASC
train,0,BCN,4566,3,AK
train,0,BCN,4578,0,MEL
train,0,BCN,4579,1,NV
train,0,BCN,4587,1,NV
train,0,BCN,4596,3,AK
train,0,BCN,4603,1,NV
train,0,BCN,4627,2,BCC
train,0,BCN,4652,0,MEL
train,0,BCN,4700,1,NV
train,0,BCN,4713,0,MEL
train,0,BCN,4722,0,MEL
train,0,BCN,4740,1,NV
train,0,BCN,4754,0,MEL
train,0,BCN,4821,4,BKL
train,0,BCN,4824,1,NV
train,0,BCN,4847,1,NV
train,0,BCN,4860,4,BKL
train,0,BCN,4865,0,MEL
train,0,BCN,4867,0,MEL
train,0,BCN,4873,5,DF
train,0,BCN,4874,0,MEL
train,0,BCN,4881,4,BKL
train,0,BCN,4883,3,AK
train,0,BCN,4886,1,NV
train,0,BCN,4887,2,BCC
train,0,BCN,4898,7,SCC
train,0,BCN,4911,4,BKL
train,0,BCN,4913,2,BCC
train,0,BCN,4918,3,AK
train,0,BCN,4930,2,BCC
train,0,BCN,4942,1,NV
train,0,BCN,4943,0,MEL
train,0,BCN,4959,4,BKL
train,0,BCN,4961,1,NV
train,0,BCN,4969,1,NV
train,0,BCN,4974,0,MEL
train,0,BCN,4975,0,MEL
train,0,BCN,4978,1,NV
train,0,BCN,4984,3,AK
train,0,BCN,4986,0,MEL
train,0,BCN,4987,2,BCC
train,0,BCN,5009,1,NV
train,0,BCN,5016,4,BKL
train,0,BCN,5024,1,NV
train,0,BCN,5026,4,BKL
train,0,BCN,5056,7,SCC
train,0,BCN,5063,1,NV
train,0,BCN,5064,2,BCC
train,0,BCN,5081,0,MEL
train,0,BCN,5092,0,MEL
train,0,BCN,5095,0,MEL
train,0,BCN,5112,4,BKL
train,0,BCN,5115,0,MEL
train,0,BCN,5119,5,DF
train,0,BCN,5125,0,MEL
train,0,BCN,5137,1,NV
train,0,BCN,5148,1,NV
train,0,BCN,5175,0,MEL
train,0,BCN,5206,7,SCC
train,0,BCN,5209,1,NV
train,0,BCN,5211,0,MEL
train,0,BCN,5220,2,BCC
train,0,BCN,5250,1,NV
train,0,BCN,5252,0,MEL
train,0,BCN,5257,1,NV
train,0,BCN,5258,0,MEL
train,0,BCN,5273,3,AK
train,0,BCN,5274,0,MEL
train,0,BCN,5286,0,MEL
train,0,BCN,5308,1,NV
train,0,BCN,5309,1,NV
train,0,BCN,5313,3,AK
train,0,BCN,5314,1,NV
train,0,BCN,5328,4,BKL
train,0,BCN,5330,0,MEL
train,0,BCN,5332,1,NV
train,0,BCN,5339,6,VASC
train,0,BCN,5345,2,BCC
train,0,BCN,5353,0,MEL
train,0,BCN,5361,2,BCC
train,0,BCN,5381,0,MEL
train,0,BCN,5388,4,BKL
train,0,BCN,5394,3,AK
train,0,BCN,5397,1,NV
train,0,BCN,5403,1,NV
train,0,BCN,5405,2,BCC
train,0,BCN,5409,1,NV
train,0,BCN,5420,0,MEL
train,0,BCN,5428,2,BCC
train,0,BCN,5434,2,BCC
train,0,BCN,5446,1,NV
train,0,BCN,5452,1,NV
train,0,BCN,5471,1,NV
train,0,BCN,5484,1,NV
train,0,BCN,5522,0,MEL
train,0,BCN,5547,4,BKL
train,0,BCN,5556,2,BCC
train,0,BCN,5570,2,BCC
train,0,BCN,5580,2,BCC
train,0,BCN,5582,2,BCC
train,0,BCN,5589,3,AK
train,0,BCN,5613,1,NV
train,0,BCN,5624,2,BCC
train,0,BCN,5641,4,BKL
train,0,BCN,5658,3,AK
train,0,BCN,5662,0,MEL
train,0,BCN,5680,1,NV
train,0,BCN,5696,1,NV
train,0,BCN,5708,2,BCC
train,0,BCN,5738,0,MEL
train,0,BCN,5744,0,MEL
train,0,BCN,5754,3,AK
train,0,BCN,5760,2,BCC
train,0,BCN,5766,1,NV
train,0,BCN,5782,1,NV
train,0,BCN,5791,1,NV
train,0,BCN,5800,0,MEL
train,0,BCN,5806,7,SCC
train,0,BCN,5808,1,NV
train,0,BCN,5820,1,NV
train,0,BCN,5835,1,NV
train,0,BCN,5844,2,BCC
train,0,BCN,5850,0,MEL
train,0,BCN,5853,1,NV
train,0,BCN,5866,0,MEL
train,0,BCN,5892,2,BCC
train,0,BCN,5898,1,NV
train,0,BCN,5917,3,AK
train,0,BCN,5926,7,SCC
train,0,BCN,5927,0,MEL
train,0,BCN,5938,2,BCC
train,0,BCN,5945,6,VASC
train,0,BCN,5952,3,AK
train,0,BCN,5954,1,NV
train,0,BCN,5967,1,NV
train,0,BCN,5968,0,MEL
train,0,BCN,5975,4,BKL
train,0,BCN,5998,0,MEL
train,0,BCN,6010,0,MEL
train,0,BCN,6017,0,MEL
train,0,BCN,6018,2,BCC
train,0,BCN,6021,2,BCC
train,0,BCN,6035,4,BKL
train,0,BCN,6055,1,NV
train,0,BCN,6071,1,NV
train,0,BCN,6080,1,NV
train,0,BCN,6086,0,MEL
train,0,BCN,6088,2,BCC
train,0,BCN,6089,0,MEL
train,0,BCN,6096,1,NV
train,0,BCN,6100,2,BCC
train,0,BCN,6114,1,NV
train,0,BCN,6115,0,MEL
train,0,BCN,6119,1,NV
train,0,BCN,6132,2,BCC
train,0,BCN,6138,1,NV
train,0,BCN,6141,1,NV
train,0,BCN,6157,7,SCC
train,0,BCN,6190,3,AK
train,0,BCN,6191,2,BCC
train,0,BCN,6213,0,MEL
train,0,BCN,6226,1,NV
train,0,BCN,6233,2,BCC
train,0,BCN,6249,3,AK
train,0,BCN,6256,4,BKL
train,0,BCN,6260,3,AK
train,0,BCN,6262,1,NV
train,0,BCN,6269,0,MEL
train,0,BCN,6279,7,SCC
train,0,BCN,6280,0,MEL
train,0,BCN,6293,2,BCC
train,0,BCN,6300,1,NV
train,0,BCN,6327,1,NV
train,0,BCN,6331,1,NV
train,0,BCN,6333,2,BCC
train,0,BCN,6338,2,BCC
train,0,BCN,6348,0,MEL
train,0,BCN,6363,0,MEL
train,0,BCN,6365,3,AK
train,0,BCN,6372,2,BCC
train,0,BCN,6378,0,MEL
train,0,BCN,6385,1,NV
train,0,BCN,6395,0,MEL
train,0,BCN,6407,1,NV
train,0,BCN,6416,1,NV
train,0,BCN,6418,3,AK
train,0,BCN,6438,2,BCC
train,0,BCN,6445,2,BCC
train,0,BCN,6448,0,MEL
train,0,BCN,6450,3,AK
train,0,BCN,6457,0,MEL
train,0,BCN,6458,2,BCC
train,0,BCN,6469,1,NV
train,0,BCN,6471,1,NV
train,0,BCN,6481,2,BCC
train,0,BCN,6484,0,MEL
train,0,BCN,6486,2,BCC
train,0,BCN,6487,2,BCC
train,0,BCN,6490,6,VASC
train,0,BCN,6497,1,NV
train,0,BCN,6518,1,NV
train,0,BCN,6523,2,BCC
train,0,BCN,6530,4,BKL
train,0,BCN,6535,1,NV
train,0,BCN,6537,2,BCC
train,0,BCN,6539,1,NV
train,0,BCN,6540,1,NV
train,0,BCN,6550,1,NV
train,0,BCN,6556,0,MEL
train,0,BCN,6559,2,BCC
train,0,BCN,6569,2,BCC
train,0,BCN,6590,3,AK
train,0,BCN,6594,0,MEL
train,0,BCN,6596,1,NV
train,0,BCN,6602,3,AK
train,0,BCN,6603,1,NV
train,0,BCN,6610,7,SCC
train,0,BCN,6626,1,NV
train,0,BCN,6627,1,NV
train,0,BCN,6636,2,BCC
train,0,BCN,6641,0,MEL
train,0,BCN,6653,0,MEL
train,0,BCN,6655,2,BCC
train,0,BCN,6684,2,BCC
train,0,BCN,6689,2,BCC
train,0,BCN,6706,2,BCC
train,0,BCN,6710,0,MEL
train,0,BCN,6711,0,MEL
train,0,BCN,6729,1,NV
train,0,BCN,6749,1,NV
train,0,BCN,6764,0,MEL
train,0,BCN,6779,0,MEL
train,0,BCN,6788,2,BCC
train,0,BCN,6800,2,BCC
train,0,BCN,6809,1,NV
train,0,BCN,6826,1,NV
train,0,BCN,6829,1,NV
train,0,BCN,6872,1,NV
train,0,BCN,6879,1,NV
train,0,BCN,6882,2,BCC
train,0,BCN,6917,1,NV
train,0,BCN,6922,1,NV
train,0,BCN,6925,0,MEL
train,0,BCN,6938,1,NV
train,0,BCN,6940,1,NV
train,0,BCN,6943,2,BCC
train,0,BCN,6948,0,MEL
train,0,BCN,6969,2,BCC
train,0,BCN,6976,0,MEL
train,0,BCN,6987,1,NV
train,0,BCN,6999,2,BCC
train,0,BCN,7000,4,BKL
train,0,BCN,7017,0,MEL
train,0,BCN,7036,1,NV
train,0,BCN,7044,1,NV
train,0,BCN,7049,2,BCC
train,0,BCN,7060,4,BKL
train,0,BCN,7066,0,MEL
train,0,BCN,7079,7,SCC
train,0,BCN,7132,2,BCC
train,0,BCN,7159,1,NV
train,0,BCN,7160,1,NV
train,0,BCN,7164,1,NV
train,0,BCN,7166,0,MEL
train,0,BCN,7173,4,BKL
train,0,BCN,7180,0,MEL
train,0,BCN,7188,1,NV
train,0,BCN,7197,1,NV
train,0,BCN,7198,0,MEL
train,0,BCN,7205,2,BCC
train,0,BCN,7213,2,BCC
train,0,BCN,7222,1,NV
train,0,BCN,7228,0,MEL
train,0,BCN,7235,4,BKL
train,0,BCN,7239,1,NV
train,0,BCN,7242,1,NV
train,0,BCN,7246,3,AK
train,0,BCN,7270,1,NV
train,0,BCN,7271,0,MEL
train,0,BCN,7272,1,NV
train,0,BCN,7273,2,BCC
train,0,BCN,7278,0,MEL
train,0,BCN,7286,2,BCC
train,0,BCN,7290,1,NV
train,0,BCN,7303,2,BCC
train,0,BCN,7305,1,NV
train,0,BCN,7309,2,BCC
train,0,BCN,7311,6,VASC
train,0,BCN,7320,3,AK
train,0,BCN,7323,2,BCC
train,0,BCN,7341,4,BKL
train,0,BCN,7343,2,BCC
train,0,BCN,7366,1,NV
train,0,BCN,7394,0,MEL
train,0,BCN,7400,2,BCC
train,0,BCN,7427,0,MEL
train,0,BCN,7433,0,MEL
train,0,BCN,7451,1,NV
train,0,BCN,7461,5,DF
train,0,BCN,7465,0,MEL
train,0,BCN,7480,3,AK
train,0,BCN,7490,0,MEL
train,0,BCN,7491,1,NV
train,0,BCN,7492,1,NV
train,0,BCN,7499,2,BCC
train,0,BCN,7502,4,BKL
train,0,BCN,7527,1,NV
train,0,BCN,7538,2,BCC
train,0,BCN,7543,0,MEL
train,0,BCN,7545,1,NV
train,0,BCN,7557,1,NV
train,0,BCN,7560,1,NV
train,0,BCN,7607,2,BCC
train,0,BCN,7612,1,NV
train,0,BCN,7621,1,NV
train,0,BCN,7636,4,BKL
train,0,BCN,7658,0,MEL
train,0,BCN,7662,1,NV
train,0,BCN,7665,0,MEL
train,0,BCN,7670,4,BKL
train,0,BCN,7676,1,NV
train,0,BCN,7689,0,MEL
train,0,BCN,7698,1,NV
train,0,BCN,7702,2,BCC
train,0,BCN,7710,4,BKL
train,0,BCN,7722,1,NV
train,0,BCN,7735,1,NV
train,0,BCN,7737,1,NV
train,0,BCN,7759,3,AK
train,0,BCN,7762,7,SCC
train,0,BCN,7764,1,NV
train,0,BCN,7780,2,BCC
train,0,BCN,7787,0,MEL
train,0,BCN,7789,2,BCC
train,0,BCN,7807,4,BKL
train,0,BCN,7834,4,BKL
train,0,BCN,7854,1,NV
train,0,BCN,7857,2,BCC
train,0,BCN,7871,3,AK
train,0,BCN,7877,1,NV
train,0,BCN,7901,2,BCC
train,0,BCN,7910,1,NV
train,0,BCN,7914,5,DF
train,0,BCN,7917,0,MEL
train,0,BCN,7925,2,BCC
train,0,BCN,7938,1,NV
train,0,BCN,7978,2,BCC
train,0,BCN,7990,7,SCC
train,0,BCN,7995,1,NV
train,0,BCN,7997,1,NV
train,0,BCN,8002,1,NV
train,0,BCN,8017,1,NV
train,0,BCN,8020,1,NV
train,0,BCN,8033,2,BCC
train,0,BCN,8035,0,MEL
train,0,BCN,8046,1,NV
train,0,BCN,8053,1,NV
train,0,BCN,8057,0,MEL
train,0,BCN,8063,3,AK
train,0,BCN,8081,2,BCC
train,0,BCN,8091,1,NV
train,0,BCN,8099,3,AK
train,0,BCN,8102,0,MEL
train,0,BCN,8107,0,MEL
train,0,BCN,8118,2,BCC
train,0,BCN,8122,4,BKL
train,0,BCN,8126,2,BCC
train,0,BCN,8142,2,BCC
train,0,BCN,8146,2,BCC
train,0,BCN,8149,4,BKL
train,0,BCN,8151,1,NV
train,0,BCN,8163,7,SCC
train,0,BCN,8181,2,BCC
train,0,BCN,8188,1,NV
train,0,BCN,8192,4,BKL
train,0,BCN,8209,3,AK
train,0,BCN,8214,4,BKL
train,0,BCN,8220,1,NV
train,0,BCN,8221,3,AK
train,0,BCN,8232,1,NV
train,0,BCN,8235,4,BKL
train,0,BCN,8245,7,SCC
train,0,BCN,8278,7,SCC
train,0,BCN,8282,7,SCC
train,0,BCN,8288,0,MEL
train,0,BCN,8318,7,SCC
train,0,BCN,8322,0,MEL
train,0,BCN,8326,1,NV
train,0,BCN,8333,2,BCC
train,0,BCN,8345,1,NV
train,0,BCN,8348,0,MEL
train,0,BCN,8351,1,NV
train,0,BCN,8404,1,NV
train,0,BCN,8414,2,BCC
train,0,BCN,8429,1,NV
train,0,BCN,8431,4,BKL
train,0,BCN,8438,2,BCC
train,0,BCN,8462,2,BCC
train,0,BCN,8471,0,MEL
train,0,BCN,8472,2,BCC
train,0,BCN,8476,0,MEL
train,0,BCN,8484,0,MEL
train,0,BCN,8497,2,BCC
train,0,BCN,8507,2,BCC
train,0,BCN,8508,0,MEL
train,0,BCN,8510,0,MEL
train,0,BCN,8511,0,MEL
train,0,BCN,8513,1,NV
train,0,BCN,8522,1,NV
train,0,BCN,8524,2,BCC
train,0,BCN,8536,0,MEL
train,0,BCN,8543,1,NV
train,0,BCN,8562,4,BKL
train,0,BCN,8610,2,BCC
train,0,BCN,8616,1,NV
train,0,BCN,8637,3,AK
train,0,BCN,8639,1,NV
train,0,BCN,8643,2,BCC
train,0,BCN,8654,2,BCC
train,0,BCN,8660,1,NV
train,0,BCN,8673,1,NV
train,0,BCN,8711,0,MEL
train,0,BCN,8720,3,AK
train,0,BCN,8722,1,NV
train,0,BCN,8724,2,BCC
train,0,BCN,8738,1,NV
train,0,BCN,8749,0,MEL
train,0,BCN,8761,4,BKL
train,0,BCN,8776,4,BKL
train,0,BCN,8777,4,BKL
train,0,BCN,8829,3,AK
train,0,BCN,8863,1,NV
train,0,BCN,8870,4,BKL
train,0,BCN,8882,2,BCC
train,0,BCN,8890,0,MEL
train,0,BCN,8918,0,MEL
train,0,BCN,8920,7,SCC
train,0,BCN,8929,3,AK
train,0,BCN,8932,1,NV
train,0,BCN,8934,0,MEL
train,0,BCN,8941,0,MEL
train,0,BCN,8952,4,BKL
train,0,BCN,8955,1,NV
train,0,BCN,8965,4,BKL
train,0,BCN,8971,7,SCC
train,0,BCN,8983,0,MEL
train,0,BCN,9015,2,BCC
train,0,BCN,9040,2,BCC
train,0,BCN,9041,2,BCC
train,0,BCN,9049,2,BCC
train,0,BCN,9053,2,BCC
train,0,BCN,9055,4,BKL
train,0,BCN,9056,0,MEL
train,0,BCN,9063,0,MEL
train,0,BCN,9071,1,NV
train,0,BCN,9113,0,MEL
train,0,BCN,9123,2,BCC
train,0,BCN,9128,1,NV
train,0,BCN,9139,1,NV
train,0,BCN,9159,2,BCC
train,0,BCN,9161,0,MEL
train,0,BCN,9164,4,BKL
train,0,BCN,9167,1,NV
train,0,BCN,9176,1,NV
train,0,BCN,9188,1,NV
train,0,BCN,9192,0,MEL
train,0,BCN,9198,0,MEL
train,0,BCN,9217,4,BKL
train,0,BCN,9225,2,BCC
train,0,BCN,9232,0,MEL
train,0,BCN,9233,2,BCC
train,0,BCN,9236,3,AK
train,0,BCN,9239,2,BCC
train,0,BCN,9247,2,BCC
train,0,BCN,9259,4,BKL
train,0,BCN,9281,2,BCC
train,0,BCN,9301,2,BCC
train,0,BCN,9324,1,NV
train,0,BCN,9332,0,MEL
train,0,BCN,9339,4,BKL
train,0,BCN,9341,1,NV
train,0,BCN,9350,0,MEL
train,0,BCN,9363,4,BKL
train,0,BCN,9377,7,SCC
train,0,BCN,9380,4,BKL
train,0,BCN,9381,0,MEL
train,0,BCN,9387,0,MEL
train,0,BCN,9397,1,NV
train,0,BCN,9412,1,NV
train,0,BCN,9437,5,DF
train,0,BCN,9445,1,NV
train,0,BCN,9468,4,BKL
train,0,BCN,9490,2,BCC
train,0,BCN,9505,0,MEL
train,0,BCN,9551,4,BKL
train,0,BCN,9568,1,NV
train,0,BCN,9571,2,BCC
train,0,BCN,9630,3,AK
train,0,BCN,9665,0,MEL
train,0,BCN,9700,4,BKL
train,0,BCN,9718,2,BCC
train,0,BCN,9722,1,NV
train,0,BCN,9734,0,MEL
train,0,BCN,9740,1,NV
train,0,BCN,9755,1,NV
train,0,BCN,9759,1,NV
train,0,BCN,9763,2,BCC
train,0,BCN,9773,0,MEL
train,0,BCN,9793,1,NV
train,0,BCN,9795,0,MEL
train,0,BCN,9825,1,NV
train,0,BCN,9831,1,NV
train,0,BCN,9837,1,NV
train,0,BCN,9848,1,NV
train,0,BCN,9851,0,MEL
train,0,BCN,9866,1,NV
train,0,BCN,9876,1,NV
train,0,BCN,9895,0,MEL
train,0,BCN,9908,1,NV
train,0,BCN,9912,1,NV
train,1,HAM_vidir_molemax,9938,1,NV
train,1,HAM_vidir_molemax,9958,1,NV
train,1,HAM_vidir_molemax,9968,1,NV
train,1,HAM_vidir_molemax,9972,1,NV
train,1,HAM_vidir_molemax,9991,1,NV
train,1,HAM_vidir_molemax,9992,1,NV
train,1,HAM_vidir_molemax,10017,1,NV
train,1,HAM_vidir_molemax,10018,1,NV
train,1,HAM_vidir_molemax,10023,1,NV
train,1,HAM_vidir_molemax,10033,1,NV
train,1,HAM_vidir_molemax,10038,1,NV
train,1,HAM_vidir_molemax,10039,1,NV
train,1,HAM_vidir_molemax,10054,1,NV
train,1,HAM_vidir_molemax,10074,5,DF
train,1,HAM_vidir_molemax,10076,1,NV
train,1,HAM_vidir_molemax,10078,1,NV
train,1,HAM_vidir_molemax,10084,1,NV
train,1,HAM_vidir_molemax,10093,1,NV
train,1,HAM_vidir_molemax,10096,0,MEL
train,1,HAM_vidir_molemax,10098,1,NV
train,1,HAM_vidir_molemax,10101,1,NV
train,1,HAM_vidir_molemax,10147,1,NV
train,1,HAM_vidir_molemax,10163,1,NV
train,1,HAM_vidir_molemax,10182,1,NV
train,1,HAM_vidir_molemax,10207,1,NV
train,1,HAM_vidir_molemax,10210,1,NV
train,1,HAM_vidir_molemax,10225,1,NV
train,1,HAM_vidir_molemax,10229,1,NV
train,1,HAM_vidir_molemax,10232,1,NV
train,1,HAM_vidir_molemax,10239,1,NV
train,1,HAM_vidir_molemax,10267,1,NV
train,1,HAM_vidir_molemax,10281,1,NV
train,1,HAM_vidir_molemax,10287,6,VASC
train,1,HAM_vidir_molemax,10291,1,NV
train,1,HAM_vidir_molemax,10300,1,NV
train,1,HAM_vidir_molemax,10301,1,NV
train,1,HAM_vidir_molemax,10302,1,NV
train,1,HAM_vidir_molemax,10303,1,NV
train,1,HAM_vidir_molemax,10311,1,NV
train,1,HAM_vidir_molemax,10325,1,NV
train,1,HAM_vidir_molemax,10327,1,NV
train,1,HAM_vidir_molemax,10329,1,NV
train,1,HAM_vidir_molemax,10337,1,NV
train,1,HAM_vidir_molemax,10342,1,NV
train,1,HAM_vidir_molemax,10351,1,NV
train,1,HAM_vidir_molemax,10359,1,NV
train,1,HAM_vidir_molemax,10361,1,NV
train,1,HAM_vidir_molemax,10362,1,NV
train,1,HAM_vidir_molemax,10371,1,NV
train,1,HAM_vidir_molemax,10375,1,NV
train,1,HAM_vidir_molemax,10378,1,NV
train,1,HAM_vidir_molemax,10385,1,NV
train,1,HAM_vidir_molemax,10391,1,NV
train,1,HAM_vidir_molemax,10394,1,NV
train,1,HAM_vidir_molemax,10408,4,BKL
train,1,HAM_vidir_molemax,10409,1,NV
train,1,HAM_vidir_molemax,10415,1,NV
train,1,HAM_vidir_molemax,10417,1,NV
train,1,HAM_vidir_molemax,10426,1,NV
train,1,HAM_vidir_molemax,10433,1,NV
train,1,HAM_vidir_molemax,10440,1,NV
train,1,HAM_vidir_molemax,10467,1,NV
train,1,HAM_vidir_molemax,10468,1,NV
train,1,HAM_vidir_molemax,10469,1,NV
train,1,HAM_vidir_molemax,10480,1,NV
train,1,HAM_vidir_molemax,10485,1,NV
train,1,HAM_vidir_molemax,10486,1,NV
train,1,HAM_vidir_molemax,10487,1,NV
train,1,HAM_vidir_molemax,10509,1,NV
train,1,HAM_vidir_molemax,10515,1,NV
train,1,HAM_vidir_molemax,10520,1,NV
train,1,HAM_vidir_molemax,10523,1,NV
train,1,HAM_vidir_molemax,10559,1,NV
train,1,HAM_vidir_molemax,10576,1,NV
train,1,HAM_vidir_molemax,10582,1,NV
train,1,HAM_vidir_molemax,10594,1,NV
train,1,HAM_vidir_molemax,10599,1,NV
train,1,HAM_vidir_molemax,10626,1,NV
train,1,HAM_vidir_molemax,10649,1,NV
train,1,HAM_vidir_molemax,10673,1,NV
train,1,HAM_vidir_molemax,10681,1,NV
train,1,HAM_vidir_molemax,10686,1,NV
train,1,HAM_vidir_molemax,10688,1,NV
train,1,HAM_vidir_molemax,10697,1,NV
train,1,HAM_vidir_molemax,10705,5,DF
train,1,HAM_vidir_molemax,10712,4,BKL
train,1,HAM_vidir_molemax,10717,1,NV
train,1,HAM_vidir_molemax,10718,1,NV
train,1,HAM_vidir_molemax,10734,1,NV
train,1,HAM_vidir_molemax,10749,1,NV
train,1,HAM_vidir_molemax,10751,1,NV
train,1,HAM_vidir_molemax,10760,1,NV
train,1,HAM_vidir_molemax,10766,1,NV
train,1,HAM_vidir_molemax,10777,6,VASC
train,1,HAM_vidir_molemax,10785,2,BCC
train,1,HAM_vidir_molemax,10791,1,NV
train,1,HAM_vidir_molemax,10793,1,NV
train,1,HAM_vidir_molemax,10795,1,NV
train,1,HAM_vidir_molemax,10812,1,NV
train,1,HAM_vidir_molemax,10818,0,MEL
train,1,HAM_vidir_molemax,10819,1,NV
train,1,HAM_vidir_molemax,10837,1,NV
train,1,HAM_vidir_molemax,10838,1,NV
train,1,HAM_vidir_molemax,10849,1,NV
train,1,HAM_vidir_molemax,10861,4,BKL
train,1,HAM_vidir_molemax,10878,1,NV
train,1,HAM_vidir_molemax,10881,1,NV
train,1,HAM_vidir_molemax,10896,1,NV
train,1,HAM_vidir_molemax,10903,1,NV
train,1,HAM_vidir_molemax,10931,1,NV
train,1,HAM_vidir_molemax,10935,1,NV
train,1,HAM_vidir_molemax,10938,1,NV
train,1,HAM_vidir_molemax,10950,1,NV
train,1,HAM_vidir_molemax,10953,1,NV
train,1,HAM_vidir_molemax,10954,1,NV
train,1,HAM_vidir_molemax,10956,1,NV
train,1,HAM_vidir_molemax,10960,1,NV
train,1,HAM_vidir_molemax,10962,1,NV
train,1,HAM_vidir_molemax,10974,1,NV
train,1,HAM_vidir_molemax,10988,1,NV
train,1,HAM_vidir_molemax,10991,6,VASC
train,1,HAM_vidir_molemax,11004,0,MEL
train,1,HAM_vidir_molemax,11026,1,NV
train,1,HAM_vidir_molemax,11031,1,NV
train,1,HAM_vidir_molemax,11042,1,NV
train,1,HAM_vidir_molemax,11043,1,NV
train,1,HAM_vidir_molemax,11046,1,NV
train,1,HAM_vidir_molemax,11051,1,NV
train,1,HAM_vidir_molemax,11052,1,NV
train,1,HAM_vidir_molemax,11070,1,NV
train,1,HAM_vidir_molemax,11076,1,NV
train,1,HAM_vidir_molemax,11092,1,NV
train,1,HAM_vidir_molemax,11098,1,NV
train,1,HAM_vidir_molemax,11099,1,NV
train,1,HAM_vidir_molemax,11106,1,NV
train,1,HAM_vidir_molemax,11119,1,NV
train,1,HAM_vidir_molemax,11121,1,NV
train,1,HAM_vidir_molemax,11134,1,NV
train,1,HAM_vidir_molemax,11162,1,NV
train,1,HAM_vidir_molemax,11172,1,NV
train,1,HAM_vidir_molemax,11179,1,NV
train,1,HAM_vidir_molemax,11181,1,NV
train,1,HAM_vidir_molemax,11183,1,NV
train,1,HAM_vidir_molemax,11192,1,NV
train,1,HAM_vidir_molemax,11194,1,NV
train,1,HAM_vidir_molemax,11196,1,NV
train,1,HAM_vidir_molemax,11205,1,NV
train,1,HAM_vidir_molemax,11226,1,NV
train,1,HAM_vidir_molemax,11237,1,NV
train,1,HAM_vidir_molemax,11266,1,NV
train,1,HAM_vidir_molemax,11272,1,NV
train,1,HAM_vidir_molemax,11274,4,BKL
train,1,HAM_vidir_molemax,11280,1,NV
train,1,HAM_vidir_molemax,11283,1,NV
train,1,HAM_vidir_molemax,11286,1,NV
train,1,HAM_vidir_molemax,11298,1,NV
train,1,HAM_vidir_molemax,11307,1,NV
train,1,HAM_vidir_molemax,11315,1,NV
train,1,HAM_vidir_molemax,11319,1,NV
train,1,HAM_vidir_molemax,11324,1,NV
train,1,HAM_vidir_molemax,11337,1,NV
train,1,HAM_vidir_molemax,11339,1,NV
train,1,HAM_vidir_molemax,11364,1,NV
train,1,HAM_vidir_molemax,11371,4,BKL
train,1,HAM_vidir_molemax,11375,1,NV
train,1,HAM_vidir_molemax,11376,1,NV
train,1,HAM_vidir_molemax,11383,1,NV
train,1,HAM_vidir_molemax,11386,1,NV
train,1,HAM_vidir_molemax,11390,1,NV
train,1,HAM_vidir_molemax,11393,1,NV
train,1,HAM_vidir_molemax,11402,1,NV
train,1,HAM_vidir_molemax,11422,1,NV
train,1,HAM_vidir_molemax,11431,4,BKL
train,1,HAM_vidir_molemax,11478,1,NV
train,1,HAM_vidir_molemax,11479,1,NV
train,1,HAM_vidir_molemax,11561,1,NV
train,1,HAM_vidir_molemax,11570,4,BKL
train,1,HAM_vidir_molemax,11575,1,NV
train,1,HAM_vidir_molemax,11577,1,NV
train,1,HAM_vidir_molemax,11582,1,NV
train,1,HAM_vidir_molemax,11586,1,NV
train,1,HAM_vidir_molemax,11593,1,NV
train,1,HAM_vidir_molemax,11595,1,NV
train,1,HAM_vidir_molemax,11604,1,NV
train,1,HAM_vidir_molemax,11605,1,NV
train,1,HAM_vidir_molemax,11609,1,NV
train,1,HAM_vidir_molemax,11610,1,NV
train,1,HAM_vidir_molemax,11623,1,NV
train,1,HAM_vidir_molemax,11630,1,NV
train,1,HAM_vidir_molemax,11631,1,NV
train,1,HAM_vidir_molemax,11633,1,NV
train,1,HAM_vidir_molemax,11635,1,NV
train,1,HAM_vidir_molemax,11653,1,NV
train,1,HAM_vidir_molemax,11664,1,NV
train,1,HAM_vidir_molemax,11670,1,NV
train,1,HAM_vidir_molemax,11674,1,NV
train,1,HAM_vidir_molemax,11678,1,NV
train,1,HAM_vidir_molemax,11682,1,NV
train,1,HAM_vidir_molemax,11692,1,NV
train,1,HAM_vidir_molemax,11699,1,NV
train,1,HAM_vidir_molemax,11710,1,NV
train,1,HAM_vidir_molemax,11714,1,NV
train,1,HAM_vidir_molemax,11730,1,NV
train,1,HAM_vidir_molemax,11732,1,NV
train,1,HAM_vidir_molemax,11735,1,NV
train,1,HAM_vidir_molemax,11755,1,NV
train,1,HAM_vidir_molemax,11765,1,NV
train,1,HAM_vidir_molemax,11766,1,NV
train,1,HAM_vidir_molemax,11774,1,NV
train,1,HAM_vidir_molemax,11779,1,NV
train,1,HAM_vidir_molemax,11792,1,NV
train,1,HAM_vidir_molemax,11800,1,NV
train,1,HAM_vidir_molemax,11805,1,NV
train,1,HAM_vidir_molemax,11807,1,NV
train,1,HAM_vidir_molemax,11824,1,NV
train,1,HAM_vidir_molemax,11832,1,NV
train,1,HAM_vidir_molemax,11836,1,NV
train,1,HAM_vidir_molemax,11837,1,NV
train,1,HAM_vidir_molemax,11838,1,NV
train,1,HAM_vidir_molemax,11845,1,NV
train,1,HAM_vidir_molemax,11851,1,NV
train,1,HAM_vidir_molemax,11858,1,NV
train,1,HAM_vidir_molemax,11869,1,NV
train,1,HAM_vidir_molemax,11879,1,NV
train,1,HAM_vidir_molemax,11884,1,NV
train,1,HAM_vidir_molemax,11892,1,NV
train,1,HAM_vidir_molemax,11896,1,NV
train,1,HAM_vidir_molemax,11959,1,NV
train,1,HAM_vidir_molemax,11969,1,NV
train,1,HAM_vidir_molemax,11980,0,MEL
train,1,HAM_vidir_molemax,11981,1,NV
train,1,HAM_vidir_molemax,11984,1,NV
train,1,HAM_vidir_molemax,12000,1,NV
train,1,HAM_vidir_molemax,12015,1,NV
train,1,HAM_vidir_molemax,12027,1,NV
train,1,HAM_vidir_molemax,12032,1,NV
train,1,HAM_vidir_molemax,12049,1,NV
train,1,HAM_vidir_molemax,12052,1,NV
train,1,HAM_vidir_molemax,12059,1,NV
train,1,HAM_vidir_molemax,12067,1,NV
train,1,HAM_vidir_molemax,12084,4,BKL
train,1,HAM_vidir_molemax,12085,1,NV
train,1,HAM_vidir_molemax,12092,1,NV
train,1,HAM_vidir_molemax,12104,1,NV
train,1,HAM_vidir_molemax,12114,1,NV
train,1,HAM_vidir_molemax,12116,1,NV
train,1,HAM_vidir_molemax,12136,1,NV
train,1,HAM_vidir_molemax,12147,1,NV
train,1,HAM_vidir_molemax,12179,1,NV
train,1,HAM_vidir_molemax,12184,1,NV
train,1,HAM_vidir_molemax,12214,1,NV
train,1,HAM_vidir_molemax,12224,1,NV
train,1,HAM_vidir_molemax,12262,1,NV
train,1,HAM_vidir_molemax,12271,1,NV
train,1,HAM_vidir_molemax,12272,4,BKL
train,1,HAM_vidir_molemax,12277,1,NV
train,1,HAM_vidir_molemax,12287,1,NV
train,1,HAM_vidir_molemax,12314,1,NV
train,1,HAM_vidir_molemax,12339,1,NV
train,1,HAM_vidir_molemax,12365,1,NV
train,1,HAM_vidir_molemax,12368,1,NV
train,1,HAM_vidir_molemax,12370,1,NV
train,1,HAM_vidir_molemax,12378,1,NV
train,1,HAM_vidir_molemax,12394,1,NV
train,1,HAM_vidir_molemax,12402,4,BKL
train,1,HAM_vidir_molemax,12403,1,NV
train,1,HAM_vidir_molemax,12413,1,NV
train,1,HAM_vidir_molemax,12435,1,NV
train,1,HAM_vidir_molemax,12437,1,NV
train,1,HAM_vidir_molemax,12458,1,NV
train,1,HAM_vidir_molemax,12460,1,NV
train,1,HAM_vidir_molemax,12467,1,NV
train,1,HAM_vidir_molemax,12494,1,NV
train,1,HAM_vidir_molemax,12499,1,NV
train,1,HAM_vidir_molemax,12509,1,NV
train,1,HAM_vidir_molemax,12530,1,NV
train,1,HAM_vidir_molemax,12550,1,NV
train,1,HAM_vidir_molemax,12607,1,NV
train,1,HAM_vidir_molemax,12624,1,NV
train,1,HAM_vidir_molemax,12634,1,NV
train,1,HAM_vidir_molemax,12638,1,NV
train,1,HAM_vidir_molemax,12639,1,NV
train,1,HAM_vidir_molemax,12648,0,MEL
train,1,HAM_vidir_molemax,12672,1,NV
train,1,HAM_vidir_molemax,12684,1,NV
train,1,HAM_vidir_molemax,12689,1,NV
train,1,HAM_vidir_molemax,12695,1,NV
train,1,HAM_vidir_molemax,12700,1,NV
train,1,HAM_vidir_molemax,12702,1,NV
train,1,HAM_vidir_molemax,12703,6,VASC
train,1,HAM_vidir_molemax,12704,1,NV
train,1,HAM_vidir_molemax,12710,1,NV
train,1,HAM_vidir_molemax,12715,1,NV
train,1,HAM_vidir_molemax,12748,1,NV
train,1,HAM_vidir_molemax,12789,1,NV
train,1,HAM_vidir_molemax,12794,1,NV
train,1,HAM_vidir_molemax,12797,1,NV
train,1,HAM_vidir_molemax,12815,1,NV
train,1,HAM_vidir_molemax,12818,1,NV
train,1,HAM_vidir_molemax,12826,1,NV
train,1,HAM_vidir_molemax,12854,1,NV
train,1,HAM_vidir_molemax,12873,1,NV
train,1,HAM_vidir_molemax,12877,1,NV
train,1,HAM_vidir_molemax,12880,5,DF
train,1,HAM_vidir_molemax,12888,1,NV
train,1,HAM_vidir_molemax,12903,1,NV
train,1,HAM_vidir_molemax,12916,1,NV
train,1,HAM_vidir_molemax,12948,1,NV
train,1,HAM_vidir_molemax,12952,1,NV
train,1,HAM_vidir_molemax,13001,1,NV
train,1,HAM_vidir_molemax,13022,1,NV
train,1,HAM_vidir_molemax,13024,1,NV
train,1,HAM_vidir_molemax,13039,6,VASC
train,1,HAM_vidir_molemax,13043,1,NV
train,1,HAM_vidir_molemax,13048,1,NV
train,1,HAM_vidir_molemax,13071,1,NV
train,1,HAM_vidir_molemax,13090,1,NV
train,2,HAM_vidir_modern,13124,1,NV
train,2,HAM_vidir_modern,13126,1,NV
train,2,HAM_vidir_modern,13135,4,BKL
train,2,HAM_vidir_modern,13137,1,NV
train,2,HAM_vidir_modern,13144,2,BCC
train,2,HAM_vidir_modern,13152,1,NV
train,2,HAM_vidir_modern,13153,0,MEL
train,2,HAM_vidir_modern,13190,1,NV
train,2,HAM_vidir_modern,13196,1,NV
train,2,HAM_vidir_modern,13206,6,VASC
train,2,HAM_vidir_modern,13211,1,NV
train,2,HAM_vidir_modern,13221,1,NV
train,2,HAM_vidir_modern,13231,4,BKL
train,2,HAM_vidir_modern,13239,1,NV
train,2,HAM_vidir_modern,13274,1,NV
train,2,HAM_vidir_modern,13275,0,MEL
train,2,HAM_vidir_modern,13278,0,MEL
train,2,HAM_vidir_modern,13294,4,BKL
train,2,HAM_vidir_modern,13315,1,NV
train,2,HAM_vidir_modern,13319,0,MEL
train,2,HAM_vidir_modern,13331,1,NV
train,2,HAM_vidir_modern,13342,1,NV
train,2,HAM_vidir_modern,13355,1,NV
train,2,HAM_vidir_modern,13366,0,MEL
train,2,HAM_vidir_modern,13371,1,NV
train,2,HAM_vidir_modern,13393,2,BCC
train,2,HAM_vidir_modern,13399,0,MEL
train,2,HAM_vidir_modern,13410,1,NV
train,2,HAM_vidir_modern,13420,1,NV
train,2,HAM_vidir_modern,13421,4,BKL
train,2,HAM_vidir_modern,13451,1,NV
train,2,HAM_vidir_modern,13460,1,NV
train,2,HAM_vidir_modern,13473,6,VASC
train,2,HAM_vidir_modern,13481,2,BCC
train,2,HAM_vidir_modern,13485,4,BKL
train,2,HAM_vidir_modern,13492,1,NV
train,2,HAM_vidir_modern,13510,1,NV
train,2,HAM_vidir_modern,13521,0,MEL
train,2,HAM_vidir_modern,13545,4,BKL
train,2,HAM_vidir_modern,13570,4,BKL
train,2,HAM_vidir_modern,13577,2,BCC
train,2,HAM_vidir_modern,13583,1,NV
train,2,HAM_vidir_modern,13591,1,NV
train,2,HAM_vidir_modern,13608,0,MEL
train,2,HAM_vidir_modern,13637,1,NV
train,2,HAM_vidir_modern,13638,1,NV
train,2,HAM_vidir_modern,13647,4,BKL
train,2,HAM_vidir_modern,13648,0,MEL
train,2,HAM_vidir_modern,13675,7,SCC
train,2,HAM_vidir_modern,13701,1,NV
train,2,HAM_vidir_modern,13702,2,BCC
train,2,HAM_vidir_modern,13706,6,VASC
train,2,HAM_vidir_modern,13712,1,NV
train,2,HAM_vidir_modern,13717,1,NV
train,2,HAM_vidir_modern,13718,1,NV
train,2,HAM_vidir_modern,13727,0,MEL
train,2,HAM_vidir_modern,13728,0,MEL
train,2,HAM_vidir_modern,13730,0,MEL
train,2,HAM_vidir_modern,13734,3,AK
train,2,HAM_vidir_modern,13743,1,NV
train,2,HAM_vidir_modern,13754,1,NV
train,2,HAM_vidir_modern,13762,2,BCC
train,2,HAM_vidir_modern,13766,0,MEL
train,2,HAM_vidir_modern,13778,1,NV
train,2,HAM_vidir_modern,13784,1,NV
train,2,HAM_vidir_modern,13799,0,MEL
train,2,HAM_vidir_modern,13815,0,MEL
train,2,HAM_vidir_modern,13816,4,BKL
train,2,HAM_vidir_modern,13826,1,NV
train,2,HAM_vidir_modern,13828,0,MEL
train,2,HAM_vidir_modern,13841,4,BKL
train,2,HAM_vidir_modern,13853,6,VASC
train,2,HAM_vidir_modern,13882,4,BKL
train,2,HAM_vidir_modern,13883,1,NV
train,2,HAM_vidir_modern,13889,0,MEL
train,2,HAM_vidir_modern,13900,1,NV
train,2,HAM_vidir_modern,13910,1,NV
train,2,HAM_vidir_modern,13911,0,MEL
train,2,HAM_vidir_modern,13916,5,DF
train,2,HAM_vidir_modern,13936,1,NV
train,2,HAM_vidir_modern,13945,0,MEL
train,2,HAM_vidir_modern,13948,1,NV
train,2,HAM_vidir_modern,13950,1,NV
train,2,HAM_vidir_modern,13953,5,DF
train,2,HAM_vidir_modern,13979,4,BKL
train,2,HAM_vidir_modern,13981,1,NV
train,2,HAM_vidir_modern,13986,6,VASC
train,2,HAM_vidir_modern,13987,0,MEL
train,2,HAM_vidir_modern,13994,1,NV
train,2,HAM_vidir_modern,14000,4,BKL
train,2,HAM_vidir_modern,14009,1,NV
train,2,HAM_vidir_modern,14014,1,NV
train,2,HAM_vidir_modern,14049,0,MEL
train,2,HAM_vidir_modern,14056,1,NV
train,2,HAM_vidir_modern,14065,1,NV
train,2,HAM_vidir_modern,14088,1,NV
train,2,HAM_vidir_modern,14098,1,NV
train,2,HAM_vidir_modern,14113,2,BCC
train,2,HAM_vidir_modern,14116,0,MEL
train,2,HAM_vidir_modern,14131,1,NV
train,2,HAM_vidir_modern,14134,1,NV
train,2,HAM_vidir_modern,14139,1,NV
train,2,HAM_vidir_modern,14150,1,NV
train,2,HAM_vidir_modern,14166,4,BKL
train,2,HAM_vidir_modern,14185,0,MEL
train,2,HAM_vidir_modern,14188,1,NV
train,2,HAM_vidir_modern,14193,1,NV
train,2,HAM_vidir_modern,14203,1,NV
train,2,HAM_vidir_modern,14220,2,BCC
train,2,HAM_vidir_modern,14221,1,NV
train,2,HAM_vidir_modern,14230,1,NV
train,2,HAM_vidir_modern,14241,1,NV
train,2,HAM_vidir_modern,14243,1,NV
train,2,HAM_vidir_modern,14261,2,BCC
train,2,HAM_vidir_modern,14262,1,NV
train,2,HAM_vidir_modern,14267,1,NV
train,2,HAM_vidir_modern,14278,0,MEL
train,2,HAM_vidir_modern,14281,6,VASC
train,2,HAM_vidir_modern,14282,1,NV
train,2,HAM_vidir_modern,14296,1,NV
train,2,HAM_vidir_modern,14313,1,NV
train,2,HAM_vidir_modern,14316,4,BKL
train,2,HAM_vidir_modern,14319,4,BKL
train,2,HAM_vidir_modern,14328,0,MEL
train,2,HAM_vidir_modern,14329,1,NV
train,2,HAM_vidir_modern,14351,2,BCC
train,2,HAM_vidir_modern,14355,4,BKL
train,2,HAM_vidir_modern,14356,1,NV
train,2,HAM_vidir_modern,14368,1,NV
train,2,HAM_vidir_modern,14371,2,BCC
train,2,HAM_vidir_modern,14386,1,NV
train,2,HAM_vidir_modern,14405,1,NV
train,2,HAM_vidir_modern,14408,0,MEL
train,2,HAM_vidir_modern,14412,1,NV
train,2,HAM_vidir_modern,14421,4,BKL
train,2,HAM_vidir_modern,14433,1,NV
train,2,HAM_vidir_modern,14443,1,NV
train,2,HAM_vidir_modern,14463,1,NV
train,2,HAM_vidir_modern,14467,4,BKL
train,2,HAM_vidir_modern,14480,1,NV
train,2,HAM_vidir_modern,14481,4,BKL
train,2,HAM_vidir_modern,14494,1,NV
train,2,HAM_vidir_modern,14498,1,NV
train,2,HAM_vidir_modern,14499,1,NV
train,2,HAM_vidir_modern,14505,3,AK
train,2,HAM_vidir_modern,14555,1,NV
train,2,HAM_vidir_modern,14558,1,NV
train,2,HAM_vidir_modern,14559,1,NV
train,2,HAM_vidir_modern,14561,1,NV
train,2,HAM_vidir_modern,14575,1,NV
train,2,HAM_vidir_modern,14576,1,NV
train,2,HAM_vidir_modern,14578,0,MEL
train,2,HAM_vidir_modern,14614,0,MEL
train,2,HAM_vidir_modern,14615,4,BKL
train,2,HAM_vidir_modern,14622,4,BKL
train,2,HAM_vidir_modern,14628,1,NV
train,2,HAM_vidir_modern,14632,0,MEL
train,2,HAM_vidir_modern,14650,2,BCC
train,2,HAM_vidir_modern,14651,0,MEL
train,2,HAM_vidir_modern,14652,1,NV
train,2,HAM_vidir_modern,14670,1,NV
train,2,HAM_vidir_modern,14675,1,NV
train,2,HAM_vidir_modern,14681,1,NV
train,2,HAM_vidir_modern,14688,4,BKL
train,2,HAM_vidir_modern,14703,1,NV
train,2,HAM_vidir_modern,14716,0,MEL
train,2,HAM_vidir_modern,14731,2,BCC
train,2,HAM_vidir_modern,14736,1,NV
train,2,HAM_vidir_modern,14766,2,BCC
train,2,HAM_vidir_modern,14770,0,MEL
train,2,HAM_vidir_modern,14774,1,NV
train,2,HAM_vidir_modern,14775,1,NV
train,2,HAM_vidir_modern,14776,4,BKL
train,2,HAM_vidir_modern,14777,1,NV
train,2,HAM_vidir_modern,14778,0,MEL
train,2,HAM_vidir_modern,14793,1,NV
train,2,HAM_vidir_modern,14799,1,NV
train,2,HAM_vidir_modern,14804,1,NV
train,2,HAM_vidir_modern,14811,0,MEL
train,2,HAM_vidir_modern,14815,1,NV
train,2,HAM_vidir_modern,14816,0,MEL
train,2,HAM_vidir_modern,14828,0,MEL
train,2,HAM_vidir_modern,14837,1,NV
train,2,HAM_vidir_modern,14866,1,NV
train,2,HAM_vidir_modern,14869,1,NV
train,2,HAM_vidir_modern,14872,1,NV
train,2,HAM_vidir_modern,14881,1,NV
train,2,HAM_vidir_modern,14927,1,NV
train,2,HAM_vidir_modern,14933,1,NV
train,2,HAM_vidir_modern,14950,1,NV
train,2,HAM_vidir_modern,14953,4,BKL
train,2,HAM_vidir_modern,14966,4,BKL
train,2,HAM_vidir_modern,14978,1,NV
train,2,HAM_vidir_modern,14987,2,BCC
train,2,HAM_vidir_modern,14992,0,MEL
train,2,HAM_vidir_modern,15005,0,MEL
train,2,HAM_vidir_modern,15012,1,NV
train,2,HAM_vidir_modern,15061,1,NV
train,2,HAM_vidir_modern,15064,1,NV
train,2,HAM_vidir_modern,15070,1,NV
train,2,HAM_vidir_modern,15082,0,MEL
train,2,HAM_vidir_modern,15084,4,BKL
train,2,HAM_vidir_modern,15105,4,BKL
train,2,HAM_vidir_modern,15108,1,NV
train,2,HAM_vidir_modern,15110,1,NV
train,2,HAM_vidir_modern,15133,6,VASC
train,2,HAM_vidir_modern,15146,3,AK
train,2,HAM_vidir_modern,15156,1,NV
train,2,HAM_vidir_modern,15157,1,NV
train,2,HAM_vidir_modern,15161,7,SCC
train,2,HAM_vidir_modern,15163,2,BCC
train,2,HAM_vidir_modern,15185,0,MEL
train,2,HAM_vidir_modern,15193,1,NV
train,2,HAM_vidir_modern,15203,1,NV
train,2,HAM_vidir_modern,15223,0,MEL
train,2,HAM_vidir_modern,15228,4,BKL
train,2,HAM_vidir_modern,15237,4,BKL
train,2,HAM_vidir_modern,15264,1,NV
train,2,HAM_vidir_modern,15275,4,BKL
train,2,HAM_vidir_modern,15296,4,BKL
train,2,HAM_vidir_modern,15312,1,NV
train,2,HAM_vidir_modern,15314,1,NV
train,2,HAM_vidir_modern,15326,4,BKL
train,2,HAM_vidir_modern,15333,0,MEL
train,2,HAM_vidir_modern,15334,1,NV
train,2,HAM_vidir_modern,15351,4,BKL
train,2,HAM_vidir_modern,15354,1,NV
train,2,HAM_vidir_modern,15366,1,NV
train,2,HAM_vidir_modern,15379,1,NV
train,2,HAM_vidir_modern,15391,0,MEL
train,2,HAM_vidir_modern,15408,0,MEL
train,2,HAM_vidir_modern,15414,1,NV
train,2,HAM_vidir_modern,15424,0,MEL
train,2,HAM_vidir_modern,15425,0,MEL
train,2,HAM_vidir_modern,15434,5,DF
train,2,HAM_vidir_modern,15464,1,NV
train,2,HAM_vidir_modern,15465,1,NV
train,2,HAM_vidir_modern,15473,0,MEL
train,2,HAM_vidir_modern,15486,3,AK
train,2,HAM_vidir_modern,15489,3,AK
train,2,HAM_vidir_modern,15491,1,NV
train,2,HAM_vidir_modern,15513,1,NV
train,2,HAM_vidir_modern,15533,3,AK
train,2,HAM_vidir_modern,15539,1,NV
train,2,HAM_vidir_modern,15545,4,BKL
train,2,HAM_vidir_modern,15551,1,NV
train,2,HAM_vidir_modern,15554,0,MEL
train,2,HAM_vidir_modern,15555,1,NV
train,2,HAM_vidir_modern,15564,1,NV
train,2,HAM_vidir_modern,15565,1,NV
train,2,HAM_vidir_modern,15581,1,NV
train,2,HAM_vidir_modern,15589,1,NV
train,2,HAM_vidir_modern,15595,5,DF
train,2,HAM_vidir_modern,15607,1,NV
train,2,HAM_vidir_modern,15623,0,MEL
train,2,HAM_vidir_modern,15631,1,NV
train,2,HAM_vidir_modern,15640,3,AK
train,2,HAM_vidir_modern,15644,1,NV
train,2,HAM_vidir_modern,15656,4,BKL
train,2,HAM_vidir_modern,15669,1,NV
train,2,HAM_vidir_modern,15680,1,NV
train,2,HAM_vidir_modern,15700,0,MEL
train,2,HAM_vidir_modern,15705,1,NV
train,2,HAM_vidir_modern,15709,0,MEL
train,2,HAM_vidir_modern,15718,4,BKL
train,2,HAM_vidir_modern,15723,1,NV
train,2,HAM_vidir_modern,15740,2,BCC
train,2,HAM_vidir_modern,15746,1,NV
train,2,HAM_vidir_modern,15756,0,MEL
train,2,HAM_vidir_modern,15781,1,NV
train,3,HAM_rosendahl,15784,1,NV
train,3,HAM_rosendahl,15808,0,MEL
train,3,HAM_rosendahl,15823,1,NV
train,3,HAM_rosendahl,15843,1,NV
train,3,HAM_rosendahl,15844,1,NV
train,3,HAM_rosendahl,15851,1,NV
train,3,HAM_rosendahl,15859,2,BCC
train,3,HAM_rosendahl,15873,7,SCC
train,3,HAM_rosendahl,15895,1,NV
train,3,HAM_rosendahl,15898,1,NV
train,3,HAM_rosendahl,15899,7,SCC
train,3,HAM_rosendahl,15902,1,NV
train,3,HAM_rosendahl,15905,7,SCC
train,3,HAM_rosendahl,15914,1,NV
train,3,HAM_rosendahl,15916,1,NV
train,3,HAM_rosendahl,15927,3,AK
train,3,HAM_rosendahl,15937,4,BKL
train,3,HAM_rosendahl,15945,0,MEL
train,3,HAM_rosendahl,15954,1,NV
train,3,HAM_rosendahl,15961,5,DF
train,3,HAM_rosendahl,15970,1,NV
train,3,HAM_rosendahl,15974,1,NV
train,3,HAM_rosendahl,15993,2,BCC
train,3,HAM_rosendahl,15996,0,MEL
train,3,HAM_rosendahl,16012,2,BCC
train,3,HAM_rosendahl,16037,2,BCC
train,3,HAM_rosendahl,16038,4,BKL
train,3,HAM_rosendahl,16045,3,AK
train,3,HAM_rosendahl,16047,1,NV
train,3,HAM_rosendahl,16054,2,BCC
train,3,HAM_rosendahl,16056,7,SCC
train,3,HAM_rosendahl,16072,1,NV
train,3,HAM_rosendahl,16077,1,NV
train,3,HAM_rosendahl,16079,1,NV
train,3,HAM_rosendahl,16086,1,NV
train,3,HAM_rosendahl,16093,4,BKL
train,3,HAM_rosendahl,16107,4,BKL
train,3,HAM_rosendahl,16108,4,BKL
train,3,HAM_rosendahl,16125,2,BCC
train,3,HAM_rosendahl,16134,0,MEL
train,3,HAM_rosendahl,16151,2,BCC
train,3,HAM_rosendahl,16155,1,NV
train,3,HAM_rosendahl,16173,2,BCC
train,3,HAM_rosendahl,16179,4,BKL
train,3,HAM_rosendahl,16195,4,BKL
train,3,HAM_rosendahl,16202,1,NV
train,3,HAM_rosendahl,16203,0,MEL
train,3,HAM_rosendahl,16218,5,DF
train,3,HAM_rosendahl,16221,3,AK
train,3,HAM_rosendahl,16226,2,BCC
train,3,HAM_rosendahl,16238,5,DF
train,3,HAM_rosendahl,16268,0,MEL
train,3,HAM_rosendahl,16284,4,BKL
train,3,HAM_rosendahl,16286,1,NV
train,3,HAM_rosendahl,16324,1,NV
train,3,HAM_rosendahl,16341,1,NV
train,3,HAM_rosendahl,16344,7,SCC
train,3,HAM_rosendahl,16348,3,AK
train,3,HAM_rosendahl,16350,0,MEL
train,3,HAM_rosendahl,16372,3,AK
train,3,HAM_rosendahl,16382,1,NV
train,3,HAM_rosendahl,16416,2,BCC
train,3,HAM_rosendahl,16422,4,BKL
train,3,HAM_rosendahl,16430,4,BKL
train,3,HAM_rosendahl,16432,1,NV
train,3,HAM_rosendahl,16436,0,MEL
train,3,HAM_rosendahl,16437,1,NV
train,3,HAM_rosendahl,16462,4,BKL
train,3,HAM_rosendahl,16474,4,BKL
train,3,HAM_rosendahl,16491,1,NV
train,3,HAM_rosendahl,16497,0,MEL
train,3,HAM_rosendahl,16499,1,NV
train,3,HAM_rosendahl,16500,0,MEL
train,3,HAM_rosendahl,16501,4,BKL
train,3,HAM_rosendahl,16505,1,NV
train,3,HAM_rosendahl,16506,4,BKL
train,3,HAM_rosendahl,16514,1,NV
train,3,HAM_rosendahl,16524,0,MEL
train,3,HAM_rosendahl,16555,0,MEL
train,3,HAM_rosendahl,16569,1,NV
train,3,HAM_rosendahl,16570,4,BKL
train,3,HAM_rosendahl,16576,1,NV
train,3,HAM_rosendahl,16581,4,BKL
train,3,HAM_rosendahl,16598,1,NV
train,3,HAM_rosendahl,16600,0,MEL
train,3,HAM_rosendahl,16604,3,AK
train,3,HAM_rosendahl,16624,1,NV
train,3,HAM_rosendahl,16653,1,NV
train,3,HAM_rosendahl,16676,0,MEL
train,3,HAM_rosendahl,16690,2,BCC
train,3,HAM_rosendahl,16700,2,BCC
train,3,HAM_rosendahl,16706,0,MEL
train,3,HAM_rosendahl,16713,1,NV
train,3,HAM_rosendahl,16714,1,NV
train,3,HAM_rosendahl,16739,5,DF
train,3,HAM_rosendahl,16750,0,MEL
train,3,HAM_rosendahl,16751,1,NV
train,3,HAM_rosendahl,16754,2,BCC
train,3,HAM_rosendahl,16763,4,BKL
train,3,HAM_rosendahl,16772,4,BKL
train,3,HAM_rosendahl,16778,4,BKL
train,3,HAM_rosendahl,16797,4,BKL
train,3,HAM_rosendahl,16808,2,BCC
train,3,HAM_rosendahl,16818,1,NV
train,3,HAM_rosendahl,16822,4,BKL
train,3,HAM_rosendahl,16823,2,BCC
train,3,HAM_rosendahl,16836,0,MEL
train,3,HAM_rosendahl,16837,7,SCC
train,3,HAM_rosendahl,16845,1,NV
train,3,HAM_rosendahl,16847,0,MEL
train,3,HAM_rosendahl,16852,4,BKL
train,3,HAM_rosendahl,16855,0,MEL
train,3,HAM_rosendahl,16885,1,NV
train,3,HAM_rosendahl,16890,1,NV
train,3,HAM_rosendahl,16920,4,BKL
train,3,HAM_rosendahl,16928,1,NV
train,3,HAM_rosendahl,16936,0,MEL
train,3,HAM_rosendahl,16953,0,MEL
train,3,HAM_rosendahl,16965,4,BKL
train,3,HAM_rosendahl,16976,7,SCC
train,3,HAM_rosendahl,16995,2,BCC
train,3,HAM_rosendahl,17013,4,BKL
train,3,HAM_rosendahl,17015,4,BKL
train,3,HAM_rosendahl,17027,2,BCC
train,3,HAM_rosendahl,17044,4,BKL
train,3,HAM_rosendahl,17047,1,NV
train,3,HAM_rosendahl,17049,1,NV
train,3,HAM_rosendahl,17061,7,SCC
train,3,HAM_rosendahl,17063,7,SCC
train,3,HAM_rosendahl,17064,2,BCC
train,3,HAM_rosendahl,17066,7,SCC
train,3,HAM_rosendahl,17069,1,NV
train,3,HAM_rosendahl,17071,3,AK
train,3,HAM_rosendahl,17084,1,NV
train,3,HAM_rosendahl,17094,7,SCC
train,3,HAM_rosendahl,17102,1,NV
train,3,HAM_rosendahl,17131,1,NV
train,3,HAM_rosendahl,17136,5,DF
train,3,HAM_rosendahl,17147,4,BKL
train,3,HAM_rosendahl,17166,4,BKL
train,3,HAM_rosendahl,17174,1,NV
train,3,HAM_rosendahl,17176,1,NV
train,3,HAM_rosendahl,17189,4,BKL
train,3,HAM_rosendahl,17217,1,NV
train,3,HAM_rosendahl,17228,1,NV
train,3,HAM_rosendahl,17255,1,NV
train,3,HAM_rosendahl,17256,2,BCC
train,3,HAM_rosendahl,17271,4,BKL
train,3,HAM_rosendahl,17274,0,MEL
train,3,HAM_rosendahl,17290,4,BKL
train,3,HAM_rosendahl,17295,1,NV
train,3,HAM_rosendahl,17298,6,VASC
train,3,HAM_rosendahl,17318,0,MEL
train,3,HAM_rosendahl,17322,0,MEL
train,3,HAM_rosendahl,17323,1,NV
train,3,HAM_rosendahl,17336,1,NV
train,3,HAM_rosendahl,17341,4,BKL
train,3,HAM_rosendahl,17346,4,BKL
train,3,HAM_rosendahl,17348,2,BCC
train,3,HAM_rosendahl,17361,5,DF
train,3,HAM_rosendahl,17368,3,AK
train,3,HAM_rosendahl,17385,4,BKL
train,3,HAM_rosendahl,17401,0,MEL
train,3,HAM_rosendahl,17424,1,NV
train,3,HAM_rosendahl,17433,2,BCC
train,3,HAM_rosendahl,17434,1,NV
train,3,HAM_rosendahl,17446,4,BKL
train,3,HAM_rosendahl,17455,7,SCC
train,3,HAM_rosendahl,17477,0,MEL
train,3,HAM_rosendahl,17486,7,SCC
train,3,HAM_rosendahl,17492,4,BKL
train,3,HAM_rosendahl,17493,2,BCC
train,3,HAM_rosendahl,17514,0,MEL
train,3,HAM_rosendahl,17531,7,SCC
train,3,HAM_rosendahl,17534,4,BKL
train,3,HAM_rosendahl,17536,1,NV
train,3,HAM_rosendahl,17537,4,BKL
train,3,HAM_rosendahl,17546,1,NV
train,3,HAM_rosendahl,17547,1,NV
train,3,HAM_rosendahl,17576,3,AK
train,3,HAM_rosendahl,17583,1,NV
train,4,MSK,17591,1,NV
train,4,MSK,17598,0,MEL
train,4,MSK,17603,1,NV
train,4,MSK,17605,0,MEL
train,4,MSK,17615,1,NV
train,4,MSK,17621,0,MEL
train,4,MSK,17623,4,BKL
train,4,MSK,17627,4,BKL
train,4,MSK,17631,0,MEL
train,4,MSK,17634,1,NV
train,4,MSK,17637,1,NV
train,4,MSK,17642,1,NV
train,4,MSK,17643,1,NV
train,4,MSK,17645,4,BKL
train,4,MSK,17656,4,BKL
train,4,MSK,17659,1,NV
train,4,MSK,17677,1,NV
train,4,MSK,17684,1,NV
train,4,MSK,17690,1,NV
train,4,MSK,17692,1,NV
train,4,MSK,17694,4,BKL
train,4,MSK,17699,4,BKL
train,4,MSK,17700,0,MEL
train,4,MSK,17701,1,NV
train,4,MSK,17708,1,NV
train,4,MSK,17713,1,NV
train,4,MSK,17714,4,BKL
train,4,MSK,17720,4,BKL
train,4,MSK,17721,0,MEL
train,4,MSK,17725,1,NV
train,4,MSK,17734,1,NV
train,4,MSK,17736,1,NV
train,4,MSK,17743,4,BKL
train,4,MSK,17746,1,NV
train,4,MSK,17755,0,MEL
train,4,MSK,17758,4,BKL
train,4,MSK,17764,1,NV
train,4,MSK,17767,1,NV
train,4,MSK,17768,1,NV
train,4,MSK,17775,1,NV
train,4,MSK,17781,0,MEL
train,4,MSK,17782,0,MEL
train,4,MSK,17800,4,BKL
train,4,MSK,17824,0,MEL
train,4,MSK,17836,1,NV
train,4,MSK,17843,1,NV
train,4,MSK,17860,4,BKL
train,4,MSK,17863,4,BKL
train,4,MSK,17869,1,NV
train,4,MSK,17875,1,NV
train,4,MSK,17878,0,MEL
train,4,MSK,17886,4,BKL
train,4,MSK,17890,1,NV
train,4,MSK,17892,1,NV
train,4,MSK,17899,0,MEL
train,4,MSK,17906,0,MEL
train,4,MSK,17908,0,MEL
train,4,MSK,17911,4,BKL
train,4,MSK,17917,4,BKL
train,4,MSK,17922,1,NV
train,4,MSK,17927,1,NV
train,4,MSK,17928,1,NV
train,4,MSK,17954,1,NV
train,4,MSK,17976,0,MEL
train,4,MSK,17990,1,NV
train,4,MSK,18010,0,MEL
train,4,MSK,18015,4,BKL
train,4,MSK,18023,1,NV
train,4,MSK,18033,1,NV
train,4,MSK,18042,0,MEL
train,4,MSK,18049,0,MEL
train,4,MSK,18057,1,NV
train,4,MSK,18064,4,BKL
train,4,MSK,18067,0,MEL
train,4,MSK,18076,0,MEL
train,4,MSK,18084,0,MEL
train,4,MSK,18091,0,MEL
train,4,MSK,18096,0,MEL
train,4,MSK,18100,1,NV
train,4,MSK,18107,1,NV
train,4,MSK,18109,1,NV
train,4,MSK,18111,1,NV
train,4,MSK,18113,0,MEL
train,4,MSK,18131,4,BKL
train,4,MSK,18141,1,NV
train,4,MSK,18145,1,NV
train,4,MSK,18150,1,NV
train,4,MSK,18156,1,NV
train,4,MSK,18165,4,BKL
train,4,MSK,18168,4,BKL
train,4,MSK,18188,1,NV
train,4,MSK,18193,1,NV
train,4,MSK,18196,1,NV
train,4,MSK,18200,4,BKL
train,4,MSK,18202,1,NV
train,4,MSK,18208,1,NV
train,4,MSK,18216,4,BKL
train,4,MSK,18229,1,NV
train,4,MSK,18233,0,MEL
train,4,MSK,18243,1,NV
train,5,HAM_vienna_dias,18249,1,NV
train,5,HAM_vienna_dias,18251,1,NV
train,5,HAM_vienna_dias,18253,5,DF
train,5,HAM_vienna_dias,18258,1,NV
train,5,HAM_vienna_dias,18260,1,NV
train,5,HAM_vienna_dias,18261,1,NV
train,5,HAM_vienna_dias,18263,1,NV
train,5,HAM_vienna_dias,18264,1,NV
train,5,HAM_vienna_dias,18270,1,NV
train,5,HAM_vienna_dias,18282,1,NV
train,5,HAM_vienna_dias,18284,1,NV
train,5,HAM_vienna_dias,18293,1,NV
train,5,HAM_vienna_dias,18301,1,NV
train,5,HAM_vienna_dias,18304,1,NV
train,5,HAM_vienna_dias,18305,1,NV
train,5,HAM_vienna_dias,18308,1,NV
train,5,HAM_vienna_dias,18311,1,NV
train,5,HAM_vienna_dias,18314,1,NV
train,5,HAM_vienna_dias,18317,1,NV
train,5,HAM_vienna_dias,18321,1,NV
train,5,HAM_vienna_dias,18331,1,NV
train,5,HAM_vienna_dias,18334,4,BKL
train,5,HAM_vienna_dias,18335,1,NV
train,5,HAM_vienna_dias,18336,0,MEL
train,5,HAM_vienna_dias,18343,1,NV
train,5,HAM_vienna_dias,18344,1,NV
train,5,HAM_vienna_dias,18345,1,NV
train,5,HAM_vienna_dias,18362,0,MEL
train,5,HAM_vienna_dias,18363,2,BCC
train,5,HAM_vienna_dias,18364,1,NV
train,5,HAM_vienna_dias,18366,1,NV
train,5,HAM_vienna_dias,18369,0,MEL
train,5,HAM_vienna_dias,18370,1,NV
train,5,HAM_vienna_dias,18372,1,NV
train,5,HAM_vienna_dias,18374,0,MEL
train,5,HAM_vienna_dias,18375,0,MEL
train,5,HAM_vienna_dias,18377,5,DF
train,5,HAM_vienna_dias,18386,0,MEL
train,5,HAM_vienna_dias,18390,1,NV
train,5,HAM_vienna_dias,18394,1,NV
train,5,HAM_vienna_dias,18400,1,NV
train,5,HAM_vienna_dias,18401,1,NV
train,5,HAM_vienna_dias,18402,2,BCC
train,5,HAM_vienna_dias,18407,1,NV
train,5,HAM_vienna_dias,18410,1,NV
train,5,HAM_vienna_dias,18415,1,NV
train,5,HAM_vienna_dias,18417,1,NV
train,5,HAM_vienna_dias,18419,1,NV
train,5,HAM_vienna_dias,18422,0,MEL
train,5,HAM_vienna_dias,18424,1,NV
train,5,HAM_vienna_dias,18425,1,NV
train,5,HAM_vienna_dias,18434,0,MEL
train,5,HAM_vienna_dias,18445,0,MEL
train,5,HAM_vienna_dias,18447,1,NV
train,5,HAM_vienna_dias,18449,1,NV
train,5,HAM_vienna_dias,18454,1,NV
train,5,HAM_vienna_dias,18457,1,NV
train,5,HAM_vienna_dias,18461,1,NV
train,5,HAM_vienna_dias,18463,6,VASC
train,5,HAM_vienna_dias,18464,1,NV
train,5,HAM_vienna_dias,18466,1,NV
train,5,HAM_vienna_dias,18467,1,NV
train,5,HAM_vienna_dias,18468,1,NV
train,5,HAM_vienna_dias,18479,1,NV
train,5,HAM_vienna_dias,18481,1,NV
train,5,HAM_vienna_dias,18483,0,MEL
train,5,HAM_vienna_dias,18486,1,NV
train,5,HAM_vienna_dias,18492,1,NV
train,5,HAM_vienna_dias,18494,0,MEL
train,5,HAM_vienna_dias,18495,1,NV
train,5,HAM_vienna_dias,18500,1,NV
train,5,HAM_vienna_dias,18502,1,NV
train,5,HAM_vienna_dias,18503,1,NV
train,5,HAM_vienna_dias,18507,4,BKL
train,5,HAM_vienna_dias,18510,1,NV
train,5,HAM_vienna_dias,18514,1,NV
train,5,HAM_vienna_dias,18517,1,NV
train,5,HAM_vienna_dias,18518,0,MEL
train,5,HAM_vienna_dias,18525,1,NV
train,5,HAM_vienna_dias,18529,1,NV
train,5,HAM_vienna_dias,18532,0,MEL
train,5,HAM_vienna_dias,18533,1,NV
train,5,HAM_vienna_dias,18534,0,MEL
train,5,HAM_vienna_dias,18538,1,NV
train,5,HAM_vienna_dias,18540,1,NV
train,5,HAM_vienna_dias,18541,1,NV
train,5,HAM_vienna_dias,18543,1,NV
train,5,HAM_vienna_dias,18546,1,NV
train,5,HAM_vienna_dias,18557,0,MEL
train,5,HAM_vienna_dias,18559,1,NV
train,5,HAM_vienna_dias,18560,1,NV
train,5,HAM_vienna_dias,18569,1,NV
train,5,HAM_vienna_dias,18575,1,NV
train,5,HAM_vienna_dias,18576,1,NV
train,5,HAM_vienna_dias,18578,1,NV
train,5,HAM_vienna_dias,18581,0,MEL
train,5,HAM_vienna_dias,18586,1,NV
train,5,HAM_vienna_dias,18589,1,NV
train,5,HAM_vienna_dias,18591,1,NV
train,5,HAM_vienna_dias,18595,1,NV
test,0,BCN,8,2,BCC
test,0,BCN,10,3,AK
test,0,BCN,13,2,BCC
test,0,BCN,26,0,MEL
test,0,BCN,33,1,NV
test,0,BCN,36,1,NV
test,0,BCN,38,1,NV
test,0,BCN,85,2,BCC
test,0,BCN,96,4,BKL
test,0,BCN,119,1,NV
test,0,BCN,128,7,SCC
test,0,BCN,142,4,BKL
test,0,BCN,147,2,BCC
test,0,BCN,187,1,NV
test,0,BCN,193,1,NV
test,0,BCN,202,0,MEL
test,0,BCN,212,2,BCC
test,0,BCN,214,1,NV
test,0,BCN,228,4,BKL
test,0,BCN,229,1,NV
test,0,BCN,237,0,MEL
test,0,BCN,238,0,MEL
test,0,BCN,259,1,NV
test,0,BCN,263,0,MEL
test,0,BCN,265,1,NV
test,0,BCN,280,1,NV
test,0,BCN,290,0,MEL
test,0,BCN,305,1,NV
test,0,BCN,306,0,MEL
test,0,BCN,309,0,MEL
test,0,BCN,319,1,NV
test,0,BCN,330,7,SCC
test,0,BCN,341,1,NV
test,0,BCN,342,0,MEL
test,0,BCN,353,3,AK
test,0,BCN,359,0,MEL
test,0,BCN,375,1,NV
test,0,BCN,386,2,BCC
test,0,BCN,390,4,BKL
test,0,BCN,409,3,AK
test,0,BCN,417,1,NV
test,0,BCN,444,6,VASC
test,0,BCN,448,1,NV
test,0,BCN,461,2,BCC
test,0,BCN,467,0,MEL
test,0,BCN,468,1,NV
test,0,BCN,488,2,BCC
test,0,BCN,496,1,NV
test,0,BCN,517,3,AK
test,0,BCN,536,2,BCC
test,0,BCN,549,1,NV
test,0,BCN,561,3,AK
test,0,BCN,564,2,BCC
test,0,BCN,571,1,NV
test,0,BCN,582,2,BCC
test,0,BCN,583,4,BKL
test,0,BCN,592,2,BCC
test,0,BCN,612,2,BCC
test,0,BCN,613,2,BCC
test,0,BCN,615,7,SCC
test,0,BCN,636,0,MEL
test,0,BCN,639,0,MEL
test,0,BCN,641,1,NV
test,0,BCN,647,7,SCC
test,0,BCN,657,2,BCC
test,0,BCN,658,4,BKL
test,0,BCN,660,4,BKL
test,0,BCN,668,1,NV
test,0,BCN,672,0,MEL
test,0,BCN,673,1,NV
test,0,BCN,674,0,MEL
test,0,BCN,676,1,NV
test,0,BCN,677,4,BKL
test,0,BCN,681,1,NV
test,0,BCN,686,1,NV
test,0,BCN,688,0,MEL
test,0,BCN,690,2,BCC
test,0,BCN,693,1,NV
test,0,BCN,696,2,BCC
test,0,BCN,698,0,MEL
test,0,BCN,699,7,SCC
test,0,BCN,714,2,BCC
test,0,BCN,718,1,NV
test,0,BCN,757,0,MEL
test,0,BCN,758,4,BKL
test,0,BCN,763,0,MEL
test,0,BCN,767,2,BCC
test,0,BCN,777,0,MEL
test,0,BCN,788,1,NV
test,0,BCN,803,0,MEL
test,0,BCN,814,0,MEL
test,0,BCN,828,0,MEL
test,0,BCN,830,1,NV
test,0,BCN,831,0,MEL
test,0,BCN,839,1,NV
test,0,BCN,854,4,BKL
test,0,BCN,856,0,MEL
test,0,BCN,876,2,BCC
test,0,BCN,880,4,BKL
test,0,BCN,896,2,BCC
test,0,BCN,907,2,BCC
test,0,BCN,931,1,NV
test,0,BCN,935,1,NV
test,0,BCN,955,0,MEL
test,0,BCN,958,2,BCC
test,0,BCN,963,1,NV
test,0,BCN,966,7,SCC
test,0,BCN,972,2,BCC
test,0,BCN,977,1,NV
test,0,BCN,979,0,MEL
test,0,BCN,984,1,NV
test,0,BCN,990,0,MEL
test,0,BCN,996,2,BCC
test,0,BCN,1001,1,NV
test,0,BCN,1019,2,BCC
test,0,BCN,1053,0,MEL
test,0,BCN,1060,0,MEL
test,0,BCN,1086,0,MEL
test,0,BCN,1092,2,BCC
test,0,BCN,1100,1,NV
test,0,BCN,1132,2,BCC
test,0,BCN,1164,1,NV
test,0,BCN,1169,1,NV
test,0,BCN,1190,1,NV
test,0,BCN,1195,1,NV
test,0,BCN,1205,1,NV
test,0,BCN,1208,1,NV
test,0,BCN,1215,0,MEL
test,0,BCN,1223,1,NV
test,0,BCN,1224,1,NV
test,0,BCN,1234,1,NV
test,0,BCN,1240,1,NV
test,0,BCN,1262,1,NV
test,0,BCN,1297,1,NV
test,0,BCN,1303,1,NV
test,0,BCN,1304,2,BCC
test,0,BCN,1306,3,AK
test,0,BCN,1319,0,MEL
test,0,BCN,1332,2,BCC
test,0,BCN,1335,0,MEL
test,0,BCN,1339,1,NV
test,0,BCN,1342,2,BCC
test,0,BCN,1352,1,NV
test,0,BCN,1358,7,SCC
test,0,BCN,1365,2,BCC
test,0,BCN,1372,3,AK
test,0,BCN,1377,2,BCC
test,0,BCN,1379,4,BKL
test,0,BCN,1387,2,BCC
test,0,BCN,1395,2,BCC
test,0,BCN,1398,0,MEL
test,0,BCN,1399,7,SCC
test,0,BCN,1401,7,SCC
test,0,BCN,1405,0,MEL
test,0,BCN,1406,1,NV
test,0,BCN,1423,2,BCC
test,0,BCN,1429,1,NV
test,0,BCN,1433,1,NV
test,0,BCN,1462,2,BCC
test,0,BCN,1469,4,BKL
test,0,BCN,1476,4,BKL
test,0,BCN,1477,3,AK
test,0,BCN,1478,5,DF
test,0,BCN,1482,1,NV
test,0,BCN,1493,0,MEL
test,0,BCN,1499,3,AK
test,0,BCN,1513,2,BCC
test,0,BCN,1522,0,MEL
test,0,BCN,1533,5,DF
test,0,BCN,1543,4,BKL
test,0,BCN,1544,1,NV
test,0,BCN,1547,4,BKL
test,0,BCN,1608,0,MEL
test,0,BCN,1612,6,VASC
test,0,BCN,1619,0,MEL
test,0,BCN,1624,0,MEL
test,0,BCN,1626,0,MEL
test,0,BCN,1639,0,MEL
test,0,BCN,1640,1,NV
test,0,BCN,1641,0,MEL
test,0,BCN,1643,0,MEL
test,0,BCN,1654,2,BCC
test,0,BCN,1680,1,NV
test,0,BCN,1687,3,AK
test,0,BCN,1698,0,MEL
test,0,BCN,1701,2,BCC
test,0,BCN,1709,7,SCC
test,0,BCN,1712,1,NV
test,0,BCN,1714,1,NV
test,0,BCN,1719,1,NV
test,0,BCN,1727,1,NV
test,0,BCN,1744,1,NV
test,0,BCN,1748,4,BKL
test,0,BCN,1767,2,BCC
test,0,BCN,1790,2,BCC
test,0,BCN,1802,0,MEL
test,0,BCN,1806,4,BKL
test,0,BCN,1826,4,BKL
test,0,BCN,1838,1,NV
test,0,BCN,1866,1,NV
test,0,BCN,1892,4,BKL
test,0,BCN,1898,2,BCC
test,0,BCN,1908,3,AK
test,0,BCN,1915,1,NV
test,0,BCN,1944,2,BCC
test,0,BCN,1950,3,AK
test,0,BCN,1974,0,MEL
test,0,BCN,1985,5,DF
test,0,BCN,1996,2,BCC
test,0,BCN,2004,1,NV
test,0,BCN,2071,1,NV
test,0,BCN,2107,4,BKL
test,0,BCN,2108,1,NV
test,0,BCN,2133,1,NV
test,0,BCN,2136,2,BCC
test,0,BCN,2145,1,NV
test,0,BCN,2147,2,BCC
test,0,BCN,2173,2,BCC
test,0,BCN,2174,4,BKL
test,0,BCN,2184,0,MEL
test,0,BCN,2208,0,MEL
test,0,BCN,2210,0,MEL
test,0,BCN,2214,0,MEL
test,0,BCN,2223,2,BCC
test,0,BCN,2226,1,NV
test,0,BCN,2232,4,BKL
test,0,BCN,2234,1,NV
test,0,BCN,2241,1,NV
test,0,BCN,2257,4,BKL
test,0,BCN,2263,1,NV
test,0,BCN,2267,2,BCC
test,0,BCN,2271,2,BCC
test,0,BCN,2275,2,BCC
test,0,BCN,2281,4,BKL
test,0,BCN,2290,6,VASC
test,0,BCN,2293,1,NV
test,0,BCN,2295,1,NV
test,0,BCN,2316,3,AK
test,0,BCN,2318,0,MEL
test,0,BCN,2321,2,BCC
test,0,BCN,2345,0,MEL
test,0,BCN,2377,1,NV
test,0,BCN,2399,0,MEL
test,0,BCN,2418,1,NV
test,0,BCN,2420,0,MEL
test,0,BCN,2430,2,BCC
test,0,BCN,2434,2,BCC
test,0,BCN,2455,4,BKL
test,0,BCN,2474,0,MEL
test,1,HAM_vidir_molemax,2490,1,NV
test,1,HAM_vidir_molemax,2509,1,NV
test,1,HAM_vidir_molemax,2527,1,NV
test,1,HAM_vidir_molemax,2536,1,NV
test,1,HAM_vidir_molemax,2538,1,NV
test,1,HAM_vidir_molemax,2544,1,NV
test,1,HAM_vidir_molemax,2553,1,NV
test,1,HAM_vidir_molemax,2556,1,NV
test,1,HAM_vidir_molemax,2583,1,NV
test,1,HAM_vidir_molemax,2588,6,VASC
test,1,HAM_vidir_molemax,2601,4,BKL
test,1,HAM_vidir_molemax,2609,1,NV
test,1,HAM_vidir_molemax,2628,1,NV
test,1,HAM_vidir_molemax,2633,1,NV
test,1,HAM_vidir_molemax,2643,1,NV
test,1,HAM_vidir_molemax,2648,1,NV
test,1,HAM_vidir_molemax,2651,1,NV
test,1,HAM_vidir_molemax,2660,1,NV
test,1,HAM_vidir_molemax,2674,1,NV
test,1,HAM_vidir_molemax,2678,1,NV
test,1,HAM_vidir_molemax,2682,1,NV
test,1,HAM_vidir_molemax,2684,1,NV
test,1,HAM_vidir_molemax,2692,1,NV
test,1,HAM_vidir_molemax,2697,1,NV
test,1,HAM_vidir_molemax,2700,1,NV
test,1,HAM_vidir_molemax,2702,5,DF
test,1,HAM_vidir_molemax,2705,1,NV
test,1,HAM_vidir_molemax,2711,1,NV
test,1,HAM_vidir_molemax,2723,4,BKL
test,1,HAM_vidir_molemax,2731,1,NV
test,1,HAM_vidir_molemax,2737,1,NV
test,1,HAM_vidir_molemax,2747,1,NV
test,1,HAM_vidir_molemax,2750,1,NV
test,1,HAM_vidir_molemax,2757,1,NV
test,1,HAM_vidir_molemax,2768,1,NV
test,1,HAM_vidir_molemax,2769,4,BKL
test,1,HAM_vidir_molemax,2781,1,NV
test,1,HAM_vidir_molemax,2800,1,NV
test,1,HAM_vidir_molemax,2802,1,NV
test,1,HAM_vidir_molemax,2816,1,NV
test,1,HAM_vidir_molemax,2819,1,NV
test,1,HAM_vidir_molemax,2823,1,NV
test,1,HAM_vidir_molemax,2849,1,NV
test,1,HAM_vidir_molemax,2854,1,NV
test,1,HAM_vidir_molemax,2858,1,NV
test,1,HAM_vidir_molemax,2874,1,NV
test,1,HAM_vidir_molemax,2892,1,NV
test,1,HAM_vidir_molemax,2893,1,NV
test,1,HAM_vidir_molemax,2894,1,NV
test,1,HAM_vidir_molemax,2898,5,DF
test,1,HAM_vidir_molemax,2900,1,NV
test,1,HAM_vidir_molemax,2906,1,NV
test,1,HAM_vidir_molemax,2919,1,NV
test,1,HAM_vidir_molemax,2923,1,NV
test,1,HAM_vidir_molemax,2928,6,VASC
test,1,HAM_vidir_molemax,2937,0,MEL
test,1,HAM_vidir_molemax,2939,1,NV
test,1,HAM_vidir_molemax,2977,1,NV
test,1,HAM_vidir_molemax,2987,1,NV
test,1,HAM_vidir_molemax,3001,1,NV
test,1,HAM_vidir_molemax,3004,1,NV
test,1,HAM_vidir_molemax,3005,1,NV
test,1,HAM_vidir_molemax,3006,1,NV
test,1,HAM_vidir_molemax,3012,1,NV
test,1,HAM_vidir_molemax,3015,1,NV
test,1,HAM_vidir_molemax,3026,1,NV
test,1,HAM_vidir_molemax,3028,1,NV
test,1,HAM_vidir_molemax,3031,1,NV
test,1,HAM_vidir_molemax,3032,1,NV
test,1,HAM_vidir_molemax,3034,1,NV
test,1,HAM_vidir_molemax,3050,1,NV
test,1,HAM_vidir_molemax,3055,1,NV
test,1,HAM_vidir_molemax,3062,1,NV
test,1,HAM_vidir_molemax,3065,1,NV
test,1,HAM_vidir_molemax,3069,5,DF
test,1,HAM_vidir_molemax,3077,1,NV
test,1,HAM_vidir_molemax,3101,1,NV
test,1,HAM_vidir_molemax,3104,1,NV
test,1,HAM_vidir_molemax,3107,1,NV
test,1,HAM_vidir_molemax,3119,1,NV
test,1,HAM_vidir_molemax,3120,1,NV
test,1,HAM_vidir_molemax,3121,1,NV
test,1,HAM_vidir_molemax,3135,1,NV
test,1,HAM_vidir_molemax,3139,1,NV
test,1,HAM_vidir_molemax,3150,1,NV
test,1,HAM_vidir_molemax,3151,1,NV
test,1,HAM_vidir_molemax,3162,4,BKL
test,1,HAM_vidir_molemax,3171,1,NV
test,1,HAM_vidir_molemax,3176,1,NV
test,1,HAM_vidir_molemax,3180,1,NV
test,1,HAM_vidir_molemax,3201,1,NV
test,1,HAM_vidir_molemax,3210,1,NV
test,1,HAM_vidir_molemax,3214,1,NV
test,1,HAM_vidir_molemax,3225,1,NV
test,1,HAM_vidir_molemax,3231,1,NV
test,1,HAM_vidir_molemax,3234,1,NV
test,1,HAM_vidir_molemax,3241,1,NV
test,1,HAM_vidir_molemax,3249,1,NV
test,1,HAM_vidir_molemax,3254,1,NV
test,1,HAM_vidir_molemax,3256,1,NV
test,2,HAM_vidir_modern,3274,1,NV
test,2,HAM_vidir_modern,3282,4,BKL
test,2,HAM_vidir_modern,3283,1,NV
test,2,HAM_vidir_modern,3289,2,BCC
test,2,HAM_vidir_modern,3294,6,VASC
test,2,HAM_vidir_modern,3298,1,NV
test,2,HAM_vidir_modern,3325,1,NV
test,2,HAM_vidir_modern,3331,4,BKL
test,2,HAM_vidir_modern,3337,5,DF
test,2,HAM_vidir_modern,3339,1,NV
test,2,HAM_vidir_modern,3354,0,MEL
test,2,HAM_vidir_modern,3356,0,MEL
test,2,HAM_vidir_modern,3362,1,NV
test,2,HAM_vidir_modern,3365,1,NV
test,2,HAM_vidir_modern,3367,4,BKL
test,2,HAM_vidir_modern,3370,1,NV
test,2,HAM_vidir_modern,3377,1,NV
test,2,HAM_vidir_modern,3380,5,DF
test,2,HAM_vidir_modern,3395,2,BCC
test,2,HAM_vidir_modern,3396,1,NV
test,2,HAM_vidir_modern,3400,5,DF
test,2,HAM_vidir_modern,3402,1,NV
test,2,HAM_vidir_modern,3406,4,BKL
test,2,HAM_vidir_modern,3412,1,NV
test,2,HAM_vidir_modern,3417,1,NV
test,2,HAM_vidir_modern,3443,0,MEL
test,2,HAM_vidir_modern,3447,1,NV
test,2,HAM_vidir_modern,3452,0,MEL
test,2,HAM_vidir_modern,3457,2,BCC
test,2,HAM_vidir_modern,3462,1,NV
test,2,HAM_vidir_modern,3468,1,NV
test,2,HAM_vidir_modern,3483,0,MEL
test,2,HAM_vidir_modern,3484,1,NV
test,2,HAM_vidir_modern,3487,0,MEL
test,2,HAM_vidir_modern,3501,1,NV
test,2,HAM_vidir_modern,3509,0,MEL
test,2,HAM_vidir_modern,3515,1,NV
test,2,HAM_vidir_modern,3516,1,NV
test,2,HAM_vidir_modern,3520,0,MEL
test,2,HAM_vidir_modern,3528,0,MEL
test,2,HAM_vidir_modern,3535,1,NV
test,2,HAM_vidir_modern,3536,1,NV
test,2,HAM_vidir_modern,3552,4,BKL
test,2,HAM_vidir_modern,3561,1,NV
test,2,HAM_vidir_modern,3565,4,BKL
test,2,HAM_vidir_modern,3568,0,MEL
test,2,HAM_vidir_modern,3569,1,NV
test,2,HAM_vidir_modern,3576,5,DF
test,2,HAM_vidir_modern,3593,4,BKL
test,2,HAM_vidir_modern,3601,1,NV
test,2,HAM_vidir_modern,3610,1,NV
test,2,HAM_vidir_modern,3613,1,NV
test,2,HAM_vidir_modern,3625,1,NV
test,2,HAM_vidir_modern,3639,0,MEL
test,2,HAM_vidir_modern,3658,1,NV
test,2,HAM_vidir_modern,3666,1,NV
test,2,HAM_vidir_modern,3678,4,BKL
test,2,HAM_vidir_modern,3684,6,VASC
test,2,HAM_vidir_modern,3703,0,MEL
test,2,HAM_vidir_modern,3720,0,MEL
test,2,HAM_vidir_modern,3730,0,MEL
test,2,HAM_vidir_modern,3733,4,BKL
test,2,HAM_vidir_modern,3737,1,NV
test,2,HAM_vidir_modern,3740,1,NV
test,2,HAM_vidir_modern,3747,1,NV
test,2,HAM_vidir_modern,3762,1,NV
test,2,HAM_vidir_modern,3770,1,NV
test,2,HAM_vidir_modern,3773,4,BKL
test,2,HAM_vidir_modern,3777,6,VASC
test,2,HAM_vidir_modern,3781,1,NV
test,2,HAM_vidir_modern,3783,0,MEL
test,2,HAM_vidir_modern,3784,1,NV
test,2,HAM_vidir_modern,3786,1,NV
test,2,HAM_vidir_modern,3787,1,NV
test,2,HAM_vidir_modern,3795,1,NV
test,2,HAM_vidir_modern,3803,1,NV
test,2,HAM_vidir_modern,3812,3,AK
test,2,HAM_vidir_modern,3828,1,NV
test,2,HAM_vidir_modern,3831,0,MEL
test,2,HAM_vidir_modern,3832,1,NV
test,2,HAM_vidir_modern,3837,1,NV
test,2,HAM_vidir_modern,3845,0,MEL
test,2,HAM_vidir_modern,3860,0,MEL
test,2,HAM_vidir_modern,3862,2,BCC
test,2,HAM_vidir_modern,3869,4,BKL
test,2,HAM_vidir_modern,3872,1,NV
test,2,HAM_vidir_modern,3873,1,NV
test,2,HAM_vidir_modern,3877,2,BCC
test,2,HAM_vidir_modern,3879,4,BKL
test,2,HAM_vidir_modern,3882,4,BKL
test,2,HAM_vidir_modern,3889,0,MEL
test,2,HAM_vidir_modern,3891,1,NV
test,2,HAM_vidir_modern,3892,0,MEL
test,2,HAM_vidir_modern,3898,1,NV
test,2,HAM_vidir_modern,3909,2,BCC
test,2,HAM_vidir_modern,3914,1,NV
test,2,HAM_vidir_modern,3915,1,NV
test,2,HAM_vidir_modern,3922,0,MEL
test,2,HAM_vidir_modern,3933,4,BKL
test,2,HAM_vidir_modern,3938,1,NV
test,3,HAM_rosendahl,3950,1,NV
test,3,HAM_rosendahl,3962,4,BKL
test,3,HAM_rosendahl,3964,1,NV
test,3,HAM_rosendahl,3968,2,BCC
test,3,HAM_rosendahl,3973,1,NV
test,3,HAM_rosendahl,3979,1,NV
test,3,HAM_rosendahl,3981,1,NV
test,3,HAM_rosendahl,3983,4,BKL
test,3,HAM_rosendahl,3984,4,BKL
test,3,HAM_rosendahl,3992,2,BCC
test,3,HAM_rosendahl,3995,1,NV
test,3,HAM_rosendahl,3998,3,AK
test,3,HAM_rosendahl,4000,1,NV
test,3,HAM_rosendahl,4003,7,SCC
test,3,HAM_rosendahl,4011,1,NV
test,3,HAM_rosendahl,4017,1,NV
test,3,HAM_rosendahl,4018,1,NV
test,3,HAM_rosendahl,4021,0,MEL
test,3,HAM_rosendahl,4025,1,NV
test,3,HAM_rosendahl,4028,2,BCC
test,3,HAM_rosendahl,4032,2,BCC
test,3,HAM_rosendahl,4034,1,NV
test,3,HAM_rosendahl,4036,2,BCC
test,3,HAM_rosendahl,4037,5,DF
test,3,HAM_rosendahl,4048,4,BKL
test,3,HAM_rosendahl,4061,2,BCC
test,3,HAM_rosendahl,4062,4,BKL
test,3,HAM_rosendahl,4064,0,MEL
test,3,HAM_rosendahl,4067,0,MEL
test,3,HAM_rosendahl,4080,4,BKL
test,3,HAM_rosendahl,4104,7,SCC
test,3,HAM_rosendahl,4106,0,MEL
test,3,HAM_rosendahl,4109,4,BKL
test,3,HAM_rosendahl,4111,7,SCC
test,3,HAM_rosendahl,4114,4,BKL
test,3,HAM_rosendahl,4115,5,DF
test,3,HAM_rosendahl,4119,3,AK
test,3,HAM_rosendahl,4120,0,MEL
test,3,HAM_rosendahl,4122,7,SCC
test,3,HAM_rosendahl,4133,2,BCC
test,3,HAM_rosendahl,4138,4,BKL
test,3,HAM_rosendahl,4139,1,NV
test,3,HAM_rosendahl,4146,1,NV
test,3,HAM_rosendahl,4150,0,MEL
test,3,HAM_rosendahl,4155,1,NV
test,3,HAM_rosendahl,4157,0,MEL
test,3,HAM_rosendahl,4158,3,AK
test,3,HAM_rosendahl,4165,1,NV
test,3,HAM_rosendahl,4177,2,BCC
test,3,HAM_rosendahl,4190,4,BKL
test,3,HAM_rosendahl,4194,3,AK
test,3,HAM_rosendahl,4217,0,MEL
test,3,HAM_rosendahl,4223,0,MEL
test,3,HAM_rosendahl,4229,2,BCC
test,3,HAM_rosendahl,4234,1,NV
test,3,HAM_rosendahl,4238,1,NV
test,3,HAM_rosendahl,4249,0,MEL
test,3,HAM_rosendahl,4256,1,NV
test,3,HAM_rosendahl,4260,4,BKL
test,3,HAM_rosendahl,4261,2,BCC
test,3,HAM_rosendahl,4262,1,NV
test,3,HAM_rosendahl,4264,4,BKL
test,3,HAM_rosendahl,4265,4,BKL
test,3,HAM_rosendahl,4267,1,NV
test,3,HAM_rosendahl,4275,2,BCC
test,3,HAM_rosendahl,4276,1,NV
test,3,HAM_rosendahl,4277,1,NV
test,3,HAM_rosendahl,4278,0,MEL
test,3,HAM_rosendahl,4284,7,SCC
test,3,HAM_rosendahl,4289,2,BCC
test,3,HAM_rosendahl,4295,1,NV
test,3,HAM_rosendahl,4299,3,AK
test,3,HAM_rosendahl,4300,7,SCC
test,3,HAM_rosendahl,4304,7,SCC
test,3,HAM_rosendahl,4310,1,NV
test,3,HAM_rosendahl,4311,4,BKL
test,3,HAM_rosendahl,4320,2,BCC
test,3,HAM_rosendahl,4321,1,NV
test,3,HAM_rosendahl,4326,2,BCC
test,3,HAM_rosendahl,4328,7,SCC
test,3,HAM_rosendahl,4330,0,MEL
test,3,HAM_rosendahl,4339,1,NV
test,3,HAM_rosendahl,4340,7,SCC
test,3,HAM_rosendahl,4349,1,NV
test,3,HAM_rosendahl,4350,4,BKL
test,3,HAM_rosendahl,4356,1,NV
test,3,HAM_rosendahl,4358,0,MEL
test,3,HAM_rosendahl,4359,1,NV
test,3,HAM_rosendahl,4360,3,AK
test,3,HAM_rosendahl,4361,5,DF
test,3,HAM_rosendahl,4362,2,BCC
test,3,HAM_rosendahl,4364,4,BKL
test,3,HAM_rosendahl,4365,3,AK
test,3,HAM_rosendahl,4368,3,AK
test,3,HAM_rosendahl,4369,1,NV
test,3,HAM_rosendahl,4372,0,MEL
test,3,HAM_rosendahl,4375,4,BKL
test,3,HAM_rosendahl,4378,1,NV
test,3,HAM_rosendahl,4382,2,BCC
test,3,HAM_rosendahl,4386,4,BKL
test,4,MSK,4398,4,BKL
test,4,MSK,4399,1,NV
test,4,MSK,4404,0,MEL
test,4,MSK,4405,1,NV
test,4,MSK,4406,4,BKL
test,4,MSK,4407,4,BKL
test,4,MSK,4413,0,MEL
test,4,MSK,4415,1,NV
test,4,MSK,4416,1,NV
test,4,MSK,4417,1,NV
test,4,MSK,4418,0,MEL
test,4,MSK,4420,0,MEL
test,4,MSK,4422,0,MEL
test,4,MSK,4426,0,MEL
test,4,MSK,4427,1,NV
test,4,MSK,4428,4,BKL
test,4,MSK,4429,0,MEL
test,4,MSK,4430,1,NV
test,4,MSK,4431,4,BKL
test,4,MSK,4432,0,MEL
test,4,MSK,4434,0,MEL
test,4,MSK,4436,0,MEL
test,4,MSK,4437,4,BKL
test,4,MSK,4438,1,NV
test,4,MSK,4439,1,NV
test,4,MSK,4440,4,BKL
test,4,MSK,4441,1,NV
test,4,MSK,4442,4,BKL
test,4,MSK,4443,4,BKL
test,4,MSK,4444,4,BKL
test,4,MSK,4451,0,MEL
test,4,MSK,4452,1,NV
test,4,MSK,4454,0,MEL
test,4,MSK,4455,4,BKL
test,4,MSK,4456,1,NV
test,4,MSK,4457,0,MEL
test,4,MSK,4458,4,BKL
test,4,MSK,4459,4,BKL
test,4,MSK,4460,0,MEL
test,4,MSK,4461,1,NV
test,4,MSK,4464,0,MEL
test,4,MSK,4465,1,NV
test,4,MSK,4469,0,MEL
test,4,MSK,4471,4,BKL
test,4,MSK,4472,0,MEL
test,4,MSK,4474,1,NV
test,4,MSK,4478,1,NV
test,4,MSK,4480,4,BKL
test,4,MSK,4482,4,BKL
test,4,MSK,4483,0,MEL
test,4,MSK,4484,0,MEL
test,4,MSK,4487,1,NV
test,4,MSK,4488,1,NV
test,4,MSK,4490,0,MEL
test,4,MSK,4493,1,NV
test,4,MSK,4494,1,NV
test,4,MSK,4495,0,MEL
test,4,MSK,4496,0,MEL
test,4,MSK,4497,4,BKL
test,4,MSK,4498,0,MEL
test,4,MSK,4499,1,NV
test,4,MSK,4501,1,NV
test,4,MSK,4502,4,BKL
test,4,MSK,4503,1,NV
test,4,MSK,4506,4,BKL
test,4,MSK,4507,0,MEL
test,4,MSK,4508,1,NV
test,4,MSK,4509,1,NV
test,4,MSK,4510,1,NV
test,4,MSK,4511,0,MEL
test,4,MSK,4512,4,BKL
test,4,MSK,4513,1,NV
test,4,MSK,4514,0,MEL
test,4,MSK,4515,4,BKL
test,4,MSK,4516,0,MEL
test,4,MSK,4519,4,BKL
test,4,MSK,4520,4,BKL
test,4,MSK,4521,1,NV
test,4,MSK,4522,4,BKL
test,4,MSK,4523,1,NV
test,4,MSK,4524,0,MEL
test,4,MSK,4526,4,BKL
test,4,MSK,4528,1,NV
test,4,MSK,4530,1,NV
test,4,MSK,4531,4,BKL
test,4,MSK,4532,1,NV
test,4,MSK,4536,4,BKL
test,4,MSK,4537,1,NV
test,4,MSK,4539,0,MEL
test,4,MSK,4542,4,BKL
test,4,MSK,4543,1,NV
test,4,MSK,4544,4,BKL
test,4,MSK,4546,1,NV
test,4,MSK,4547,4,BKL
test,4,MSK,4548,1,NV
test,4,MSK,4551,1,NV
test,4,MSK,4552,1,NV
test,4,MSK,4554,0,MEL
test,4,MSK,4559,1,NV
test,4,MSK,4560,1,NV
test,5,HAM_vienna_dias,4562,1,NV
test,5,HAM_vienna_dias,4563,1,NV
test,5,HAM_vienna_dias,4564,1,NV
test,5,HAM_vienna_dias,4565,1,NV
test,5,HAM_vienna_dias,4566,1,NV
test,5,HAM_vienna_dias,4567,1,NV
test,5,HAM_vienna_dias,4568,1,NV
test,5,HAM_vienna_dias,4569,1,NV
test,5,HAM_vienna_dias,4570,1,NV
test,5,HAM_vienna_dias,4571,1,NV
test,5,HAM_vienna_dias,4572,1,NV
test,5,HAM_vienna_dias,4573,1,NV
test,5,HAM_vienna_dias,4574,1,NV
test,5,HAM_vienna_dias,4575,0,MEL
test,5,HAM_vienna_dias,4576,1,NV
test,5,HAM_vienna_dias,4577,1,NV
test,5,HAM_vienna_dias,4578,4,BKL
test,5,HAM_vienna_dias,4579,1,NV
test,5,HAM_vienna_dias,4580,0,MEL
test,5,HAM_vienna_dias,4581,1,NV
test,5,HAM_vienna_dias,4582,1,NV
test,5,HAM_vienna_dias,4583,1,NV
test,5,HAM_vienna_dias,4584,0,MEL
test,5,HAM_vienna_dias,4585,1,NV
test,5,HAM_vienna_dias,4586,0,MEL
test,5,HAM_vienna_dias,4587,1,NV
test,5,HAM_vienna_dias,4588,1,NV
test,5,HAM_vienna_dias,4589,1,NV
test,5,HAM_vienna_dias,4590,1,NV
test,5,HAM_vienna_dias,4591,4,BKL
test,5,HAM_vienna_dias,4592,1,NV
test,5,HAM_vienna_dias,4593,1,NV
test,5,HAM_vienna_dias,4594,1,NV
test,5,HAM_vienna_dias,4595,1,NV
test,5,HAM_vienna_dias,4596,4,BKL
test,5,HAM_vienna_dias,4597,1,NV
test,5,HAM_vienna_dias,4598,1,NV
test,5,HAM_vienna_dias,4599,1,NV
test,5,HAM_vienna_dias,4600,1,NV
test,5,HAM_vienna_dias,4601,1,NV
test,5,HAM_vienna_dias,4602,0,MEL
test,5,HAM_vienna_dias,4603,1,NV
test,5,HAM_vienna_dias,4604,1,NV
test,5,HAM_vienna_dias,4605,4,BKL
test,5,HAM_vienna_dias,4606,1,NV
test,5,HAM_vienna_dias,4607,1,NV
test,5,HAM_vienna_dias,4608,1,NV
test,5,HAM_vienna_dias,4609,0,MEL
test,5,HAM_vienna_dias,4610,1,NV
test,5,HAM_vienna_dias,4611,1,NV
test,5,HAM_vienna_dias,4612,0,MEL
test,5,HAM_vienna_dias,4613,1,NV
test,5,HAM_vienna_dias,4614,1,NV
test,5,HAM_vienna_dias,4615,1,NV
test,5,HAM_vienna_dias,4616,6,VASC
test,5,HAM_vienna_dias,4617,1,NV
test,5,HAM_vienna_dias,4618,1,NV
test,5,HAM_vienna_dias,4619,1,NV
test,5,HAM_vienna_dias,4620,1,NV
test,5,HAM_vienna_dias,4621,1,NV
test,5,HAM_vienna_dias,4622,1,NV
test,5,HAM_vienna_dias,4623,1,NV
test,5,HAM_vienna_dias,4624,1,NV
test,5,HAM_vienna_dias,4625,0,MEL
test,5,HAM_vienna_dias,4626,1,NV
test,5,HAM_vienna_dias,4627,1,NV
test,5,HAM_vienna_dias,4628,1,NV
test,5,HAM_vienna_dias,4629,1,NV
test,5,HAM_vienna_dias,4630,1,NV
test,5,HAM_vienna_dias,4631,1,NV
test,5,HAM_vienna_dias,4632,1,NV
test,5,HAM_vienna_dias,4633,1,NV
test,5,HAM_vienna_dias,4634,1,NV
test,5,HAM_vienna_dias,4635,1,NV
test,5,HAM_vienna_dias,4636,1,NV
test,5,HAM_vienna_dias,4637,1,NV
test,5,HAM_vienna_dias,4638,1,NV
test,5,HAM_vienna_dias,4639,1,NV
test,5,HAM_vienna_dias,4640,0,MEL
test,5,HAM_vienna_dias,4641,1,NV
test,5,HAM_vienna_dias,4642,1,NV
test,5,HAM_vienna_dias,4643,1,NV
test,5,HAM_vienna_dias,4644,1,NV
test,5,HAM_vienna_dias,4645,1,NV
test,5,HAM_vienna_dias,4646,1,NV
test,5,HAM_vienna_dias,4647,1,NV
test,5,HAM_vienna_dias,4648,1,NV
test,5,HAM_vienna_dias,4649,1,NV
